season,player_id,team_id,gp,min,pts,reb,ast,stl,blk,tov,fg_pct,fg3_pct,ft_pct
2025-26,203468,1610612764,32,990.336666666667,594.0,109.0,116.0,23.0,9.0,51.0,0.442,0.382,0.798
2025-26,1631132,1610612763,7,99.3483333333333,10.0,19.0,5.0,6.0,6.0,0.0,0.455,0.0,0.0
2025-26,1630557,1610612764,18,351.445,161.0,43.0,32.0,8.0,3.0,11.0,0.495,0.394,0.742
2025-26,1630526,1610612754,17,299.566666666667,79.0,88.0,12.0,7.0,1.0,10.0,0.349,0.242,0.929
2025-26,1629027,1610612737,10,280.103333333333,193.0,15.0,89.0,10.0,1.0,26.0,0.415,0.305,0.863
2023-24,1628391,1610612755,2,15.4666666666667,10.0,2.0,2.0,0.0,2.0,0.0,0.667,1.0,0.0
2023-24,1630196,1610612758,3,9.31,3.0,1.0,0.0,0.0,0.0,0.0,0.5,0.0,0.5
2023-24,1631298,1610612763,4,63.6483333333333,6.0,12.0,1.0,4.0,1.0,2.0,0.125,0.2,0.0
2023-24,1629669,1610612765,13,213.763333333333,81.0,24.0,19.0,4.0,2.0,7.0,0.436,0.207,0.778
2023-24,1629007,1610612761,26,359.738333333333,115.0,82.0,60.0,20.0,20.0,21.0,0.385,0.333,0.833
2023-24,1628995,1610612765,31,560.233333333333,223.0,75.0,23.0,13.0,7.0,22.0,0.462,0.33,0.909
2023-24,1629117,1610612763,5,81.0166666666667,17.0,25.0,3.0,2.0,2.0,8.0,0.364,0.167,0.0
2023-24,1630285,1610612763,7,161.383333333333,42.0,20.0,25.0,7.0,3.0,10.0,0.315,0.294,0.75
2025-26,1642358,1610612764,23,163.003333333333,39.0,26.0,14.0,5.0,0.0,11.0,0.258,0.211,0.75
2025-26,1629599,1610612749,24,188.161666666667,49.0,19.0,8.0,2.0,2.0,4.0,0.432,0.235,0.929
2025-26,1629014,1610612738,41,993.688333333333,578.0,97.0,103.0,18.0,5.0,45.0,0.442,0.407,0.892
2025-26,203076,1610612742,20,625.63,407.0,221.0,56.0,22.0,33.0,41.0,0.506,0.27,0.728
2025-26,1630245,1610612741,36,938.586666666667,523.0,95.0,128.0,26.0,9.0,42.0,0.513,0.45,0.864
2025-26,1631097,1610612754,24,771.513333333333,427.0,132.0,52.0,16.0,4.0,57.0,0.423,0.366,0.876
2025-26,1627741,1610612744,36,603.94,266.0,88.0,49.0,30.0,6.0,36.0,0.422,0.327,0.909
2025-26,1630560,1610612751,18,451.746666666667,311.0,32.0,56.0,4.0,2.0,34.0,0.405,0.348,0.852
2025-26,1629646,1610612763,2,30.5166666666667,7.0,15.0,2.0,1.0,1.0,1.0,0.375,0.0,0.333
2025-26,1642959,1610612760,28,142.175,53.0,24.0,7.0,3.0,1.0,1.0,0.348,0.341,1.0
2025-26,1629632,1610612741,21,596.52,381.0,76.0,95.0,16.0,1.0,63.0,0.453,0.338,0.783
2025-26,1629012,1610612766,34,798.37,507.0,69.0,139.0,26.0,5.0,78.0,0.489,0.374,0.871
2025-26,1626156,1610612742,26,494.775,264.0,61.0,104.0,12.0,2.0,49.0,0.405,0.295,0.717
2025-26,1631207,1610612741,27,270.176666666667,78.0,43.0,27.0,17.0,8.0,15.0,0.437,0.367,0.556
2025-26,1629636,1610612739,26,791.968333333333,467.0,63.0,180.0,21.0,3.0,73.0,0.451,0.36,0.861
2025-26,1629631,1610612739,39,1048.32,551.0,172.0,86.0,25.0,6.0,64.0,0.426,0.31,0.883
2025-26,203471,1610612758,33,882.83,419.0,105.0,186.0,27.0,5.0,61.0,0.414,0.346,0.804
2025-26,1641801,1610612741,5,33.05,15.0,3.0,4.0,2.0,0.0,0.0,0.462,0.333,0.5
2025-26,1629216,1610612747,21,421.775,105.0,19.0,29.0,9.0,1.0,9.0,0.33,0.358,1.0
2025-26,1627824,1610612752,35,334.32,106.0,78.0,17.0,3.0,4.0,14.0,0.394,0.317,0.667
2025-26,1630543,1610612754,30,546.221666666667,222.0,176.0,24.0,21.0,24.0,35.0,0.591,0.0,0.73
2025-26,1627826,1610612746,36,1132.98,534.0,390.0,86.0,14.0,34.0,73.0,0.611,0.0,0.724
2025-26,1630702,1610612742,30,378.478333333333,212.0,42.0,25.0,7.0,2.0,26.0,0.394,0.365,0.8
2025-26,1631093,1610612765,25,425.66,212.0,54.0,42.0,13.0,8.0,23.0,0.459,0.35,0.813
2025-26,201935,1610612746,39,1395.155,1016.0,186.0,315.0,50.0,14.0,138.0,0.426,0.342,0.897
2025-26,1642272,1610612755,30,517.908333333333,190.0,66.0,48.0,22.0,1.0,23.0,0.354,0.323,0.88
2025-26,1628991,1610612763,39,1187.96,732.0,215.0,72.0,36.0,59.0,87.0,0.481,0.371,0.769
2025-26,1631110,1610612759,26,350.415,114.0,73.0,28.0,10.0,4.0,18.0,0.48,0.257,0.688
2025-26,1628975,1610612741,20,229.568333333333,110.0,21.0,18.0,11.0,0.0,10.0,0.396,0.412,1.0
2025-26,1629111,1610612763,39,889.116666666667,439.0,245.0,66.0,21.0,20.0,39.0,0.526,0.396,0.679
2025-26,1629723,1610612763,25,326.553333333333,76.0,71.0,33.0,24.0,8.0,7.0,0.492,0.313,0.615
2025-26,1630228,1610612744,18,445.565,212.0,111.0,46.0,5.0,6.0,44.0,0.431,0.32,0.741
2025-26,1630631,1610612740,35,775.863333333333,277.0,98.0,114.0,35.0,4.0,45.0,0.424,0.361,0.826
2025-26,1631169,1610612738,29,510.356666666667,184.0,115.0,32.0,24.0,11.0,18.0,0.504,0.438,0.769
2025-26,1641763,1610612741,29,287.67,83.0,40.0,7.0,15.0,6.0,6.0,0.432,0.326,0.833
2025-26,1642354,1610612766,14,223.126666666667,84.0,29.0,35.0,15.0,0.0,24.0,0.348,0.308,0.625
2025-26,1631165,1610612758,39,675.123333333333,206.0,52.0,23.0,44.0,19.0,19.0,0.384,0.357,0.633
2025-26,1628989,1610612741,37,889.018333333333,422.0,137.0,91.0,30.0,21.0,44.0,0.46,0.305,0.769
2025-26,203114,1610612764,29,705.975,285.0,117.0,97.0,22.0,8.0,46.0,0.429,0.325,0.825
2025-26,1641738,1610612746,27,250.1,77.0,44.0,22.0,7.0,2.0,11.0,0.362,0.233,0.85
2025-26,204001,1610612737,17,413.098333333333,291.0,87.0,46.0,9.0,22.0,16.0,0.457,0.36,0.84
2025-26,203937,1610612762,15,302.738333333333,118.0,55.0,44.0,19.0,7.0,15.0,0.527,0.667,0.606
2025-26,1631159,1610612750,17,86.2683333333333,44.0,23.0,5.0,4.0,0.0,7.0,0.563,0.091,0.636
2025-26,1628379,1610612737,39,790.44,292.0,75.0,85.0,30.0,2.0,29.0,0.512,0.46,0.933
2025-26,1630644,1610612754,3,33.89,19.0,4.0,1.0,5.0,1.0,2.0,0.389,0.2,0.75
2025-26,1628963,1610612764,36,696.19,359.0,204.0,53.0,19.0,26.0,43.0,0.619,0.389,0.71
2025-26,203486,1610612766,14,124.516666666667,26.0,40.0,16.0,6.0,0.0,9.0,0.75,0.0,0.667
2025-26,1628964,1610612761,2,5.85,0.0,2.0,0.0,0.0,1.0,0.0,0.0,0.0,0.0
2025-26,1630208,1610612756,28,253.541666666667,89.0,91.0,8.0,4.0,14.0,25.0,0.493,0.0,0.679
2025-26,202696,1610612741,41,1257.28,695.0,376.0,155.0,27.0,25.0,59.0,0.504,0.369,0.797
2025-26,1630534,1610612761,35,574.32,158.0,84.0,27.0,15.0,9.0,13.0,0.412,0.207,0.889
2025-26,1631172,1610612760,20,227.901666666667,82.0,32.0,19.0,1.0,5.0,6.0,0.441,0.432,1.0
2025-26,1641712,1610612757,37,429.636666666667,101.0,63.0,27.0,19.0,2.0,15.0,0.374,0.28,0.583
2025-26,1642434,1610612759,3,8.26666666666667,9.0,2.0,1.0,1.0,0.0,0.0,0.667,0.333,0.0
2025-26,1642265,1610612750,32,312.038333333333,116.0,39.0,57.0,17.0,3.0,32.0,0.338,0.355,0.75
2025-26,1641707,1610612762,30,460.318333333333,156.0,95.0,21.0,13.0,8.0,17.0,0.474,0.371,0.767
2025-26,1628396,1610612754,35,391.978333333333,141.0,97.0,20.0,5.0,7.0,16.0,0.563,0.5,0.744
2025-26,1641787,1610612752,5,7.71333333333333,0.0,2.0,0.0,0.0,0.0,0.0,0.0,0.0,0.0
2025-26,1631218,1610612744,30,360.426666666667,132.0,106.0,28.0,9.0,18.0,14.0,0.589,0.0,0.591
2025-26,1631213,1610612751,32,630.06,251.0,95.0,66.0,21.0,4.0,32.0,0.403,0.35,0.708
2025-26,1626145,1610612753,42,675.17,130.0,46.0,100.0,31.0,3.0,11.0,0.345,0.283,1.0
2025-26,1631246,1610612763,27,587.17,209.0,113.0,128.0,21.0,13.0,53.0,0.35,0.298,0.829
2025-26,1630249,1610612737,41,972.306666666667,393.0,90.0,65.0,35.0,13.0,29.0,0.459,0.422,0.758
2025-26,1642383,1610612762,37,670.091666666667,268.0,75.0,126.0,20.0,8.0,44.0,0.41,0.325,0.947
2025-26,1630214,1610612738,12,108.14,31.0,25.0,5.0,6.0,2.0,5.0,0.483,0.214,0.0
2021-22,203932,1610612743,75,2375.41833333333,1126.0,439.0,188.0,44.0,44.0,133.0,0.52,0.335,0.743
2021-22,1630565,1610612755,6,16.9833333333333,2.0,1.0,0.0,0.0,2.0,2.0,0.2,0.0,0.0
2021-22,1628988,1610612756,63,1020.75,400.0,122.0,153.0,42.0,9.0,67.0,0.447,0.379,0.868
2021-22,1630174,1610612738,52,573.878333333333,196.0,89.0,22.0,20.0,5.0,31.0,0.396,0.27,0.808
2021-22,1630598,1610612760,50,1208.75,416.0,178.0,68.0,30.0,10.0,54.0,0.463,0.304,0.729
2021-22,1627846,1610612756,14,145.238333333333,34.0,27.0,7.0,8.0,4.0,11.0,0.343,0.286,0.6
2021-22,1630278,1610612758,1,1.46666666666667,0.0,0.0,0.0,0.0,0.0,0.0,0.0,0.0,0.0
2021-22,1629678,1610612753,38,468.823333333333,146.0,89.0,25.0,4.0,5.0,21.0,0.419,0.329,0.8
2021-22,1629958,1610612754,1,0.843333333333333,2.0,0.0,0.0,0.0,0.0,0.0,1.0,0.0,0.0
2021-22,201143,1610612738,69,2004.79166666667,701.0,530.0,232.0,49.0,92.0,65.0,0.467,0.336,0.842
2021-22,202692,1610612752,81,2317.67666666667,944.0,397.0,239.0,85.0,26.0,91.0,0.391,0.404,0.822
2021-22,1630758,1610612753,5,73.53,14.0,15.0,2.0,1.0,0.0,4.0,0.3,0.133,0.0
2021-22,1630197,1610612760,61,1232.705,464.0,318.0,131.0,39.0,38.0,94.0,0.408,0.289,0.7
2021-22,1627936,1610612741,41,1146.83166666667,304.0,148.0,165.0,71.0,15.0,57.0,0.398,0.333,0.795
2021-22,203458,1610612758,39,620.2,235.0,161.0,45.0,13.0,25.0,43.0,0.534,0.286,0.651
2021-22,1628035,1610612741,17,206.313333333333,59.0,33.0,5.0,2.0,3.0,7.0,0.393,0.333,0.25
2021-22,1628993,1610612740,23,167.22,41.0,61.0,9.0,5.0,0.0,12.0,0.436,0.0,0.583
2021-22,1630578,1610612745,72,1489.29333333333,692.0,393.0,185.0,59.0,68.0,145.0,0.474,0.248,0.711
2021-22,1629599,1610612746,69,1567.36666666667,619.0,197.0,124.0,38.0,15.0,45.0,0.453,0.378,0.863
2021-22,203083,1610612751,73,1436.785,580.0,680.0,131.0,78.0,68.0,115.0,0.57,0.0,0.524
2021-22,2738,1610612744,31,602.831666666667,124.0,100.0,114.0,27.0,22.0,28.0,0.38,0.23,0.75
2021-22,203952,1610612744,73,2329.51333333333,1256.0,325.0,161.0,76.0,51.0,111.0,0.466,0.393,0.634
2021-22,1629014,1610612757,57,1681.01333333333,988.0,151.0,221.0,30.0,6.0,115.0,0.443,0.405,0.888
2021-22,203076,1610612747,40,1404.24833333333,927.0,394.0,122.0,49.0,90.0,82.0,0.532,0.186,0.713
2021-22,1630162,1610612750,72,2465.99333333333,1533.0,343.0,275.0,105.0,46.0,190.0,0.441,0.357,0.786
2021-22,1630264,1610612764,44,463.4,180.0,85.0,27.0,5.0,11.0,18.0,0.569,0.538,0.808
2021-22,1630237,1610612745,2,7.68333333333333,0.0,1.0,2.0,0.0,0.0,0.0,0.0,0.0,0.0
2021-22,1629717,1610612761,54,843.755,288.0,103.0,62.0,28.0,11.0,27.0,0.339,0.297,0.857
2021-22,1629083,1610612766,2,5.3,0.0,0.0,0.0,0.0,0.0,0.0,0.0,0.0,0.0
2021-22,1630559,1610612747,61,1417.68166666667,444.0,193.0,110.0,29.0,20.0,40.0,0.459,0.317,0.839
2021-22,203085,1610612743,67,1479.87833333333,403.0,114.0,90.0,51.0,6.0,54.0,0.417,0.342,0.727
2021-22,202340,1610612747,62,1405.91166666667,394.0,136.0,47.0,53.0,9.0,38.0,0.423,0.39,0.889
2021-22,1630245,1610612741,77,2109.64166666667,679.0,214.0,256.0,60.0,29.0,108.0,0.52,0.376,0.679
2021-22,1629168,1610612753,4,64.595,26.0,15.0,0.0,0.0,1.0,0.0,0.44,0.4,0.0
2021-22,1628389,1610612748,56,1825.26166666667,1068.0,564.0,190.0,80.0,44.0,148.0,0.557,0.0,0.753
2021-22,203463,1610612757,64,1284.885,655.0,103.0,59.0,38.0,10.0,55.0,0.401,0.362,0.818
2021-22,202687,1610612756,36,505.896666666667,210.0,167.0,23.0,12.0,26.0,25.0,0.593,0.0,0.535
2021-22,201933,1610612751,56,958.085,359.0,228.0,105.0,27.0,14.0,31.0,0.425,0.262,0.724
2021-22,1626246,1610612742,23,127.943333333333,98.0,39.0,3.0,0.0,3.0,15.0,0.6,0.25,0.591
2021-22,1626171,1610612749,72,2028.34,1052.0,657.0,86.0,53.0,51.0,90.0,0.479,0.393,0.752
2021-22,203992,1610612737,63,1848.54,950.0,250.0,194.0,68.0,14.0,70.0,0.431,0.368,0.843
2021-22,202711,1610612762,69,2131.31,1248.0,296.0,120.0,34.0,1.0,118.0,0.455,0.387,0.858
2021-22,1629626,1610612753,14,80.84,33.0,20.0,5.0,1.0,2.0,4.0,0.556,0.25,0.4
2021-22,1630538,1610612743,69,1309.85833333333,698.0,188.0,191.0,41.0,20.0,86.0,0.403,0.366,0.856
2021-22,202954,1610612764,23,319.62,83.0,39.0,55.0,7.0,6.0,23.0,0.364,0.235,0.92
2021-22,203078,1610612764,40,1438.95,928.0,189.0,265.0,36.0,15.0,135.0,0.451,0.3,0.833
2021-22,1630527,1610612746,51,760.245,343.0,111.0,51.0,26.0,13.0,31.0,0.385,0.306,0.819
2021-22,1629634,1610612763,64,1246.02666666667,666.0,342.0,86.0,39.0,68.0,34.0,0.644,0.227,0.654
2021-22,1629164,1610612739,36,501.54,171.0,67.0,91.0,25.0,1.0,36.0,0.416,0.345,0.632
2021-22,1627742,1610612740,55,1869.18166666667,1246.0,320.0,307.0,34.0,26.0,151.0,0.461,0.327,0.826
2021-22,202688,1610612742,5,64.5416666666667,32.0,8.0,8.0,1.0,0.0,4.0,0.4,0.235,1.0
2021-22,1630314,1610612757,24,639.705,309.0,74.0,94.0,24.0,10.0,58.0,0.372,0.292,0.701
2021-22,1630296,1610612765,11,197.15,79.0,50.0,11.0,10.0,11.0,11.0,0.458,0.286,0.538
2021-22,1630271,1610612738,12,59.855,21.0,10.0,11.0,1.0,1.0,6.0,0.444,0.222,0.6
2021-22,201572,1610612749,13,298.406666666667,161.0,53.0,6.0,8.0,15.0,12.0,0.466,0.358,0.87
2021-22,1628971,1610612751,72,1773.96166666667,647.0,345.0,148.0,77.0,52.0,56.0,0.506,0.404,0.758
2021-22,1628981,1610612745,30,152.58,88.0,55.0,7.0,1.0,11.0,14.0,0.655,0.5,0.625
2021-22,1627854,1610612743,75,1285.87833333333,663.0,93.0,75.0,25.0,5.0,56.0,0.429,0.414,0.908
2021-22,1627741,1610612754,81,2498.795,1265.0,353.0,229.0,73.0,25.0,153.0,0.406,0.366,0.874
2021-22,1629604,1610612757,58,1174.40166666667,339.0,227.0,87.0,35.0,19.0,56.0,0.393,0.294,0.714
2021-22,203468,1610612740,62,2145.08,1370.0,269.0,315.0,70.0,22.0,127.0,0.46,0.388,0.682
2021-22,101139,1610612738,1,1.95,0.0,0.0,0.0,0.0,0.0,0.0,0.0,0.0,0.0
2021-22,1630595,1610612765,64,2088.055,1114.0,354.0,356.0,78.0,43.0,234.0,0.416,0.314,0.845
2021-22,1628997,1610612748,60,1372.16833333333,551.0,230.0,64.0,58.0,30.0,52.0,0.507,0.413,0.763
2021-22,1629629,1610612752,49,1012.25,497.0,105.0,48.0,47.0,15.0,57.0,0.404,0.359,0.902
2021-22,1630560,1610612751,67,1176.06,570.0,161.0,78.0,33.0,8.0,55.0,0.433,0.27,0.829
2021-22,1629661,1610612756,66,1729.97333333333,822.0,273.0,99.0,57.0,16.0,47.0,0.46,0.425,0.86
2021-22,1630787,1610612757,3,45.9666666666667,14.0,15.0,3.0,0.0,1.0,0.0,0.357,0.333,1.0
2021-22,1628419,1610612737,2,43.3,23.0,6.0,3.0,1.0,1.0,0.0,0.667,0.333,0.667
2021-22,1626166,1610612756,58,1277.59833333333,626.0,175.0,282.0,40.0,17.0,103.0,0.409,0.336,0.843
2021-22,1627747,1610612739,58,1780.37333333333,986.0,214.0,248.0,51.0,23.0,108.0,0.444,0.32,0.756
2021-22,1630637,1610612743,5,23.2583333333333,4.0,3.0,5.0,1.0,0.0,3.0,0.111,0.0,1.0
2021-22,2546,1610612747,69,1793.19,919.0,288.0,68.0,47.0,52.0,59.0,0.441,0.375,0.83
2021-22,1629035,1610612765,4,79.1666666666667,23.0,6.0,14.0,2.0,0.0,5.0,0.3,0.25,1.0
2021-22,1630199,1610612765,9,155.0,52.0,19.0,4.0,5.0,2.0,6.0,0.413,0.235,1.0
2021-22,1630216,1610612764,7,38.995,14.0,1.0,7.0,0.0,0.0,3.0,0.364,0.333,1.0
2021-22,1627760,1610612737,3,12.85,0.0,3.0,3.0,0.0,0.0,1.0,0.0,0.0,0.0
2021-22,1626224,1610612739,66,1461.745,709.0,146.0,135.0,52.0,10.0,67.0,0.432,0.357,0.664
2021-22,1628990,1610612756,6,22.3766666666667,4.0,5.0,2.0,0.0,0.0,4.0,0.5,0.0,1.0
2021-22,1629646,1610612755,23,167.86,69.0,62.0,7.0,5.0,17.0,8.0,0.638,0.0,0.75
2021-22,1629718,1610612755,22,177.7,30.0,32.0,6.0,10.0,4.0,5.0,0.256,0.083,0.9
2021-22,1630602,1610612737,5,103.658333333333,31.0,16.0,4.0,2.0,0.0,1.0,0.313,0.333,0.833
2021-22,1627767,1610612765,3,30.6333333333333,11.0,12.0,0.0,1.0,0.0,1.0,0.375,0.0,0.833
2021-22,1629002,1610612758,60,1278.74166666667,534.0,335.0,60.0,51.0,32.0,61.0,0.452,0.306,0.78
2021-22,1628449,1610612761,80,1690.11166666667,754.0,494.0,25.0,49.0,75.0,42.0,0.464,0.297,0.777
2021-22,1629185,1610612744,34,371.883333333333,67.0,36.0,65.0,13.0,0.0,32.0,0.296,0.321,0.667
2021-22,1630537,1610612754,55,1540.82666666667,720.0,226.0,114.0,56.0,10.0,90.0,0.432,0.369,0.804
2021-22,101108,1610612756,65,2138.95833333333,958.0,283.0,702.0,121.0,20.0,153.0,0.493,0.317,0.837
2021-22,1629735,1610612748,10,91.1616666666667,26.0,36.0,7.0,0.0,1.0,8.0,0.533,0.0,0.833
2021-22,1626174,1610612745,68,2093.62666666667,1218.0,686.0,155.0,54.0,65.0,126.0,0.501,0.39,0.623
2021-22,1629643,1610612753,70,1748.825,605.0,347.0,118.0,97.0,42.0,57.0,0.376,0.318,0.846
2021-22,203991,1610612737,74,2041.53,820.0,877.0,92.0,55.0,93.0,44.0,0.613,0.0,0.473
2021-22,1629632,1610612741,61,1674.92666666667,772.0,182.0,176.0,29.0,11.0,70.0,0.433,0.385,0.857
2021-22,1628998,1610612766,71,1865.61833333333,544.0,285.0,179.0,88.0,32.0,61.0,0.482,0.384,0.701
2021-22,203469,1610612757,27,354.535,140.0,125.0,22.0,8.0,6.0,19.0,0.567,0.0,0.776
2021-22,1630175,1610612753,65,2059.39833333333,1062.0,348.0,369.0,46.0,17.0,170.0,0.391,0.338,0.854
2021-22,1629012,1610612739,11,316.441666666667,176.0,36.0,23.0,10.0,0.0,31.0,0.45,0.244,0.744
2021-22,1630557,1610612764,77,1801.05833333333,634.0,209.0,85.0,35.0,22.0,50.0,0.455,0.35,0.871
2021-22,202709,1610612765,65,1599.83833333333,521.0,174.0,237.0,42.0,17.0,85.0,0.445,0.414,0.885
2021-22,1628591,1610612764,3,18.9833333333333,6.0,0.0,1.0,4.0,0.0,1.0,0.75,0.0,0.0
2021-22,1626156,1610612750,65,2076.61166666667,1176.0,216.0,460.0,62.0,22.0,165.0,0.411,0.34,0.825
2021-22,201571,1610612747,55,883.228333333333,294.0,68.0,107.0,17.0,1.0,56.0,0.423,0.415,0.884
2021-22,1628391,1610612761,4,54.075,30.0,16.0,5.0,5.0,1.0,2.0,0.733,0.0,0.8
2021-22,1629610,1610612763,3,8.79166666666667,2.0,2.0,1.0,0.0,0.0,0.0,0.5,0.0,0.0
2021-22,1630227,1610612745,24,261.43,77.0,33.0,40.0,15.0,0.0,26.0,0.403,0.269,0.533
2021-22,1629751,1610612763,6,16.225,6.0,2.0,1.0,1.0,0.0,0.0,0.333,0.333,0.0
2021-22,1630625,1610612761,64,695.686666666667,205.0,124.0,99.0,28.0,10.0,53.0,0.411,0.255,0.591
2021-22,1627745,1610612758,56,1016.645,454.0,246.0,69.0,26.0,47.0,59.0,0.658,0.345,0.718
2021-22,203081,1610612757,29,1056.19,695.0,120.0,212.0,17.0,11.0,83.0,0.402,0.324,0.878
2021-22,1627814,1610612744,63,1256.52333333333,467.0,203.0,63.0,39.0,6.0,38.0,0.441,0.337,0.88
2021-22,1628422,1610612752,2,20.5416666666667,4.0,2.0,1.0,0.0,0.0,0.0,0.5,0.0,0.0
2021-22,1629655,1610612764,72,1444.00833333333,677.0,407.0,68.0,30.0,99.0,65.0,0.693,0.0,0.699
2021-22,1630187,1610612761,3,27.2816666666667,9.0,5.0,0.0,0.0,2.0,0.0,0.5,0.0,0.6
2021-22,1628464,1610612738,47,977.42,384.0,228.0,41.0,20.0,31.0,46.0,0.519,0.308,0.681
2021-22,201568,1610612737,66,1672.06333333333,771.0,308.0,101.0,28.0,12.0,38.0,0.434,0.381,0.904
2021-22,201980,1610612755,62,1353.405,366.0,157.0,64.0,60.0,37.0,45.0,0.394,0.38,0.786
2021-22,1627863,1610612762,42,726.983333333333,248.0,111.0,44.0,21.0,17.0,33.0,0.404,0.376,0.759
2021-22,1629647,1610612760,69,1923.91333333333,745.0,436.0,97.0,58.0,70.0,90.0,0.422,0.297,0.688
2021-22,1629636,1610612739,68,2429.95333333333,1473.0,224.0,583.0,89.0,7.0,248.0,0.462,0.383,0.892
2021-22,201954,1610612747,3,37.1666666666667,4.0,4.0,2.0,1.0,0.0,1.0,0.286,0.0,0.0
2021-22,1630561,1610612751,22,341.073333333333,104.0,67.0,17.0,14.0,7.0,9.0,0.361,0.243,0.81
2021-22,1630525,1610612761,2,1.985,0.0,0.0,0.0,0.0,0.0,0.0,0.0,0.0,0.0
2021-22,1628021,1610612745,46,608.905,233.0,151.0,35.0,28.0,20.0,21.0,0.483,0.306,0.716
2021-22,1630558,1610612758,75,2075.825,861.0,166.0,313.0,55.0,24.0,114.0,0.418,0.316,0.659
2021-22,202722,1610612742,56,806.29,311.0,117.0,31.0,17.0,12.0,19.0,0.36,0.335,0.9
2021-22,1628432,1610612743,48,667.851666666667,209.0,108.0,53.0,24.0,9.0,16.0,0.503,0.43,0.667
2021-22,1630549,1610612751,32,390.67,198.0,160.0,17.0,10.0,15.0,30.0,0.577,0.286,0.585
2021-22,1628368,1610612758,59,2083.455,1367.0,231.0,330.0,68.0,25.0,168.0,0.473,0.297,0.75
2021-22,1629631,1610612737,53,1577.16,709.0,176.0,68.0,36.0,21.0,69.0,0.442,0.379,0.765
2021-22,1629001,1610612763,73,1656.81,791.0,328.0,194.0,104.0,39.0,112.0,0.404,0.374,0.75
2021-22,201599,1610612755,48,622.41,206.0,264.0,21.0,12.0,35.0,37.0,0.643,0.0,0.55
2021-22,1627761,1610612749,56,1026.03,284.0,163.0,66.0,49.0,25.0,31.0,0.561,0.417,0.6
2021-22,1630610,1610612754,1,0.861666666666667,0.0,0.0,0.0,0.0,0.0,0.0,0.0,0.0,0.0
2021-22,201942,1610612741,76,2742.94833333333,2118.0,392.0,374.0,68.0,24.0,181.0,0.504,0.352,0.877
2021-22,202326,1610612743,48,717.225,430.0,270.0,71.0,35.0,21.0,85.0,0.46,0.303,0.76
2021-22,1629731,1610612739,51,980.175,269.0,150.0,52.0,29.0,7.0,16.0,0.456,0.359,0.667
2021-22,1629028,1610612756,58,1712.645,997.0,593.0,84.0,40.0,40.0,91.0,0.634,0.368,0.746
2021-22,1629686,1610612765,3,26.615,3.0,6.0,1.0,3.0,1.0,0.0,0.1,0.143,0.0
2021-22,1627749,1610612759,68,2365.93166666667,1438.0,563.0,627.0,138.0,23.0,180.0,0.462,0.327,0.794
2021-22,1626153,1610612737,77,1452.51666666667,342.0,220.0,188.0,93.0,19.0,45.0,0.454,0.379,0.857
2021-22,1630166,1610612764,82,1984.05166666667,685.0,425.0,167.0,59.0,44.0,87.0,0.432,0.317,0.757
2021-22,203471,1610612745,64,1837.48333333333,867.0,214.0,296.0,53.0,8.0,143.0,0.431,0.344,0.853
2021-22,1628372,1610612757,37,638.535,206.0,88.0,132.0,45.0,12.0,51.0,0.418,0.222,0.656
2021-22,1627756,1610612762,24,221.996666666667,69.0,42.0,11.0,8.0,0.0,12.0,0.379,0.404,0.0
2021-22,202324,1610612760,39,652.46,206.0,184.0,25.0,17.0,12.0,9.0,0.516,0.125,0.64
2021-22,1627884,1610612741,51,899.41,286.0,169.0,30.0,25.0,33.0,30.0,0.538,0.328,0.8
2021-22,201565,1610612752,26,635.863333333333,311.0,78.0,103.0,22.0,12.0,39.0,0.445,0.402,0.968
2021-22,1628476,1610612765,3,108.22,19.0,10.0,21.0,7.0,4.0,11.0,0.231,0.231,1.0
2021-22,1628401,1610612738,75,2198.80166666667,992.0,261.0,366.0,64.0,58.0,119.0,0.421,0.312,0.864
2021-22,1630217,1610612763,76,2266.225,1384.0,334.0,208.0,92.0,29.0,111.0,0.461,0.436,0.903
2021-22,1626164,1610612756,68,2344.59333333333,1822.0,342.0,329.0,77.0,26.0,162.0,0.466,0.383,0.868
2021-22,1629962,1610612753,5,144.533333333333,50.0,6.0,10.0,5.0,3.0,5.0,0.341,0.405,0.714
2021-22,1630170,1610612759,71,1936.88666666667,872.0,306.0,136.0,76.0,41.0,58.0,0.427,0.361,0.838
2021-22,1629653,1610612741,11,85.17,29.0,9.0,15.0,1.0,0.0,5.0,0.478,0.222,0.556
2021-22,1629719,1610612759,15,121.016666666667,46.0,42.0,6.0,8.0,7.0,3.0,0.677,0.0,0.571
2021-22,1628984,1610612740,76,2161.575,902.0,177.0,316.0,71.0,12.0,105.0,0.363,0.341,0.843
2021-22,203473,1610612748,67,1065.18166666667,422.0,386.0,47.0,24.0,42.0,70.0,0.566,0.404,0.75
2021-22,1629712,1610612757,9,129.366666666667,35.0,17.0,5.0,2.0,2.0,5.0,0.364,0.391,1.0
2021-22,1628415,1610612763,32,885.026666666667,590.0,102.0,88.0,36.0,8.0,50.0,0.432,0.309,0.849
2021-22,1627734,1610612758,62,2135.83666666667,1171.0,752.0,323.0,59.0,27.0,195.0,0.573,0.312,0.741
2021-22,1628378,1610612762,67,2265.61166666667,1733.0,282.0,358.0,99.0,12.0,200.0,0.448,0.355,0.853
2021-22,1628978,1610612758,42,1005.4,380.0,170.0,118.0,48.0,8.0,72.0,0.351,0.339,0.843
2021-22,1627827,1610612742,80,2643.625,880.0,375.0,150.0,88.0,39.0,80.0,0.471,0.395,0.675
2021-22,203926,1610612759,51,1223.24,578.0,115.0,64.0,13.0,6.0,43.0,0.462,0.422,0.784
2021-22,203110,1610612744,46,1328.96333333333,346.0,336.0,320.0,61.0,50.0,139.0,0.525,0.296,0.659
2021-22,1629234,1610612757,71,1244.60833333333,546.0,382.0,85.0,31.0,40.0,81.0,0.596,0.217,0.762
2021-22,1630613,1610612754,48,967.99,473.0,83.0,85.0,26.0,3.0,57.0,0.405,0.377,0.754
2021-22,1629130,1610612748,79,2042.77,863.0,203.0,129.0,42.0,14.0,60.0,0.399,0.372,0.836
2021-22,2730,1610612747,60,970.723333333333,372.0,356.0,35.0,34.0,36.0,47.0,0.612,0.533,0.658
2021-22,203939,1610612742,82,1798.19666666667,717.0,404.0,97.0,37.0,39.0,64.0,0.671,0.351,0.783
2021-22,1629685,1610612739,50,459.236666666667,110.0,89.0,34.0,14.0,3.0,16.0,0.378,0.3,0.833
2021-22,202334,1610612739,31,201.358333333333,28.0,64.0,7.0,3.0,9.0,5.0,0.688,0.0,0.429
2021-22,203901,1610612756,50,549.11,150.0,88.0,99.0,25.0,6.0,47.0,0.383,0.222,0.375
2021-22,1630190,1610612757,36,434.465,126.0,58.0,22.0,14.0,8.0,17.0,0.326,0.263,0.778
2021-22,1629150,1610612756,3,18.21,0.0,15.0,2.0,1.0,0.0,5.0,0.0,0.0,0.0
2021-22,1626144,1610612758,2,10.9833333333333,3.0,0.0,4.0,1.0,0.0,1.0,0.0,0.0,0.75
2021-22,202683,1610612738,35,411.368333333333,128.0,160.0,8.0,5.0,14.0,20.0,0.526,0.4,0.857
2021-22,202339,1610612757,54,1360.61666666667,534.0,182.0,225.0,69.0,19.0,116.0,0.421,0.313,0.761
2021-22,201569,1610612745,57,1669.53,765.0,113.0,154.0,28.0,18.0,107.0,0.475,0.412,0.778
2021-22,1629672,1610612762,58,736.506666666667,334.0,106.0,36.0,9.0,5.0,27.0,0.485,0.37,0.767
2021-22,1630647,1610612742,4,17.8166666666667,7.0,7.0,2.0,0.0,0.0,0.0,0.4,0.5,0.5
2021-22,203095,1610612752,80,2357.96666666667,1125.0,210.0,171.0,79.0,20.0,105.0,0.417,0.389,0.708
2021-22,1630596,1610612739,69,2331.03666666667,1034.0,570.0,174.0,56.0,115.0,133.0,0.508,0.25,0.663
2021-22,1630267,1610612743,65,1184.05,332.0,117.0,220.0,63.0,23.0,67.0,0.361,0.301,0.769
2021-22,1630624,1610612752,2,8.36666666666667,0.0,1.0,1.0,1.0,0.0,1.0,0.0,0.0,0.0
2021-22,1628402,1610612765,53,1163.96,560.0,87.0,55.0,27.0,9.0,38.0,0.402,0.308,0.827
2021-22,1626163,1610612756,9,180.938333333333,95.0,41.0,13.0,8.0,7.0,5.0,0.545,0.333,0.9
2021-22,1628373,1610612742,58,684.655,240.0,79.0,69.0,27.0,7.0,31.0,0.399,0.342,0.96
2021-22,1630532,1610612753,79,2429.04666666667,1197.0,356.0,231.0,68.0,34.0,119.0,0.468,0.354,0.863
2021-22,1627832,1610612761,65,2462.02166666667,1320.0,289.0,434.0,111.0,35.0,170.0,0.403,0.377,0.874
2021-22,1630273,1610612753,9,118.685,21.0,36.0,5.0,3.0,9.0,5.0,0.409,0.0,0.429
2021-22,1627788,1610612755,67,1413.78166666667,509.0,175.0,127.0,33.0,9.0,48.0,0.387,0.289,0.81
2021-22,1629216,1610612748,68,1588.945,591.0,126.0,210.0,62.0,12.0,98.0,0.417,0.368,0.815
2021-22,1628221,1610612754,2,21.305,8.0,2.0,4.0,2.0,1.0,1.0,0.286,0.167,0.6
2021-22,1630466,1610612760,7,55.605,18.0,6.0,5.0,1.0,0.0,2.0,0.571,0.5,0.0
2021-22,1630994,1610612756,4,44.2,13.0,7.0,11.0,3.0,0.0,3.0,0.263,0.375,0.0
2021-22,202066,1610612740,59,1098.40833333333,309.0,143.0,74.0,43.0,23.0,42.0,0.376,0.319,0.683
2021-22,1629726,1610612745,65,1711.88833333333,650.0,190.0,64.0,57.0,24.0,41.0,0.399,0.36,0.794
2021-22,1629109,1610612740,38,378.221666666667,101.0,90.0,18.0,13.0,7.0,10.0,0.375,0.4,0.7
2021-22,203914,1610612753,61,1730.20333333333,679.0,122.0,108.0,59.0,9.0,61.0,0.434,0.384,0.874
2021-22,1627780,1610612744,71,1247.685,502.0,247.0,64.0,96.0,22.0,40.0,0.616,0.358,0.603
2021-22,1629018,1610612761,70,2447.90166666667,1283.0,191.0,141.0,122.0,19.0,73.0,0.414,0.383,0.853
2021-22,201588,1610612749,54,1253.20333333333,334.0,155.0,120.0,42.0,6.0,41.0,0.429,0.306,0.919
2021-22,1628994,1610612742,4,19.1616666666667,1.0,5.0,0.0,0.0,0.0,1.0,0.0,0.0,0.5
2021-22,1627777,1610612755,76,1736.37833333333,700.0,203.0,102.0,30.0,13.0,59.0,0.437,0.403,0.881
2021-22,1630686,1610612760,13,213.478333333333,86.0,21.0,12.0,11.0,2.0,20.0,0.463,0.385,0.467
2021-22,203507,1610612749,67,2204.225,2002.0,778.0,388.0,72.0,91.0,219.0,0.553,0.293,0.722
2021-22,1629048,1610612754,50,728.913333333333,349.0,177.0,55.0,21.0,42.0,46.0,0.52,0.288,0.681
2021-22,201609,1610612751,21,497.498333333333,157.0,65.0,86.0,19.0,4.0,34.0,0.377,0.254,0.818
2021-22,202330,1610612766,49,1563.87333333333,778.0,224.0,177.0,47.0,22.0,81.0,0.459,0.391,0.846
2021-22,203476,1610612737,44,371.181666666667,154.0,121.0,34.0,11.0,13.0,20.0,0.473,0.426,0.731
2021-22,1629684,1610612738,77,1875.08,602.0,274.0,78.0,38.0,57.0,62.0,0.475,0.411,0.905
2021-22,1628960,1610612749,66,1804.755,733.0,222.0,100.0,46.0,18.0,43.0,0.448,0.409,0.865
2021-22,1630535,1610612757,48,639.826666666667,225.0,135.0,35.0,26.0,24.0,36.0,0.426,0.311,0.677
2021-22,202328,1610612750,14,194.788333333333,76.0,64.0,22.0,8.0,10.0,12.0,0.561,0.0,0.522
2021-22,1628977,1610612765,58,1268.82166666667,636.0,277.0,73.0,71.0,17.0,58.0,0.496,0.247,0.65
2021-22,203084,1610612758,77,2586.72833333333,1265.0,432.0,186.0,53.0,14.0,118.0,0.469,0.394,0.826
2021-22,202355,1610612762,65,1162.24833333333,534.0,494.0,26.0,22.0,103.0,53.0,0.652,0.0,0.623
2021-22,1629755,1610612753,8,171.095,50.0,21.0,20.0,5.0,1.0,9.0,0.474,0.423,0.75
2021-22,1629312,1610612748,19,163.326666666667,43.0,26.0,6.0,2.0,3.0,3.0,0.348,0.321,0.4
2021-22,1630529,1610612740,78,2335.18333333333,742.0,296.0,167.0,130.0,60.0,100.0,0.476,0.337,0.84
2021-22,1629649,1610612753,42,535.591666666667,210.0,72.0,37.0,10.0,3.0,17.0,0.431,0.31,0.656
2021-22,1630193,1610612752,78,1802.43333333333,882.0,247.0,275.0,54.0,3.0,99.0,0.392,0.346,0.881
2021-22,1629067,1610612761,15,68.6566666666667,12.0,7.0,4.0,8.0,2.0,2.0,0.231,0.25,0.625
2021-22,1630171,1610612739,67,1980.90166666667,588.0,201.0,121.0,56.0,22.0,58.0,0.48,0.35,0.768
2021-22,1628392,1610612746,68,1215.79833333333,563.0,332.0,160.0,50.0,77.0,84.0,0.626,0.467,0.689
2021-22,1630543,1610612754,36,541.045,297.0,149.0,10.0,25.0,52.0,40.0,0.563,0.313,0.682
2021-22,1630198,1610612755,55,609.468333333333,198.0,56.0,35.0,14.0,3.0,19.0,0.35,0.333,0.935
2021-22,1630587,1610612765,19,383.256666666667,121.0,57.0,21.0,13.0,7.0,15.0,0.456,0.422,0.857
2021-22,1629676,1610612760,45,948.423333333333,454.0,217.0,71.0,36.0,34.0,43.0,0.514,0.444,0.672
2021-22,1630191,1610612765,71,1815.64333333333,589.0,617.0,82.0,22.0,78.0,85.0,0.51,0.326,0.718
2021-22,202738,1610612766,22,333.306666666667,184.0,29.0,34.0,7.0,5.0,15.0,0.401,0.337,0.846
2021-22,1630225,1610612764,12,74.1483333333333,20.0,12.0,4.0,4.0,2.0,4.0,0.269,0.25,0.333
2021-22,202397,1610612764,65,1126.02,410.0,140.0,244.0,47.0,23.0,78.0,0.43,0.373,0.625
2021-22,1630688,1610612756,45,358.73,108.0,54.0,15.0,20.0,6.0,13.0,0.394,0.322,0.583
2021-22,1627826,1610612746,76,1851.66166666667,785.0,644.0,120.0,36.0,77.0,114.0,0.626,0.0,0.727
2021-22,1630550,1610612766,33,261.883333333333,67.0,43.0,19.0,8.0,11.0,10.0,0.436,0.259,0.6
2021-22,1629630,1610612763,57,1888.78666666667,1564.0,325.0,384.0,66.0,22.0,196.0,0.493,0.344,0.761
2021-22,203210,1610612743,67,1085.42,432.0,281.0,59.0,43.0,26.0,57.0,0.486,0.266,0.871
2021-22,1630605,1610612742,4,10.9,0.0,0.0,2.0,0.0,0.0,0.0,0.0,0.0,0.0
2021-22,201580,1610612756,74,1171.74833333333,680.0,496.0,42.0,22.0,81.0,98.0,0.629,0.222,0.699
2021-22,203953,1610612738,12,112.455,53.0,28.0,6.0,4.0,1.0,8.0,0.474,0.5,1.0
2021-22,1630183,1610612750,70,1802.66666666667,647.0,293.0,79.0,52.0,54.0,75.0,0.46,0.317,0.803
2021-22,1630531,1610612755,2,5.63333333333333,2.0,2.0,0.0,0.0,2.0,1.0,1.0,0.0,0.0
2021-22,203109,1610612756,67,1885.87166666667,632.0,354.0,124.0,95.0,30.0,55.0,0.399,0.348,0.789
2021-22,1630256,1610612745,78,2056.445,919.0,420.0,222.0,72.0,41.0,139.0,0.498,0.312,0.707
2021-22,1630186,1610612758,19,133.92,60.0,13.0,7.0,1.0,1.0,5.0,0.414,0.278,0.5
2021-22,1630693,1610612764,1,3.06666666666667,0.0,0.0,0.0,0.0,0.0,0.0,0.0,0.0,0.0
2021-22,1627774,1610612750,34,230.565,81.0,36.0,9.0,7.0,5.0,10.0,0.411,0.229,0.722
2021-22,1627751,1610612759,68,1969.65,915.0,634.0,189.0,45.0,118.0,109.0,0.618,1.0,0.495
2021-22,1628973,1610612742,79,2524.01,1285.0,309.0,377.0,66.0,3.0,124.0,0.502,0.373,0.84
2021-22,1630224,1610612745,67,2137.72333333333,1157.0,226.0,176.0,44.0,18.0,135.0,0.426,0.343,0.797
2021-22,1630552,1610612737,22,120.39,52.0,26.0,3.0,3.0,2.0,9.0,0.537,0.231,0.714
2021-22,1629667,1610612766,55,895.241666666667,340.0,170.0,58.0,26.0,22.0,36.0,0.484,0.38,0.736
2021-22,1630188,1610612754,51,924.181666666667,470.0,307.0,24.0,15.0,41.0,42.0,0.503,0.328,0.765
2021-22,1630591,1610612753,48,1306.65333333333,564.0,171.0,209.0,59.0,19.0,143.0,0.361,0.214,0.773
2021-22,1630547,1610612766,31,304.476666666667,142.0,52.0,26.0,7.0,1.0,15.0,0.348,0.347,0.871
2021-22,203516,1610612743,7,55.6,29.0,12.0,3.0,2.0,2.0,2.0,0.458,0.375,0.8
2021-22,201935,1610612755,65,2419.68,1432.0,500.0,667.0,82.0,36.0,284.0,0.41,0.33,0.877
2021-22,201949,1610612751,62,1191.225,340.0,215.0,130.0,30.0,34.0,48.0,0.469,0.271,0.527
2021-22,1630691,1610612765,13,176.468333333333,50.0,32.0,7.0,0.0,7.0,5.0,0.36,0.333,0.5
2021-22,1630215,1610612762,42,359.773333333333,161.0,45.0,63.0,17.0,8.0,33.0,0.404,0.318,0.688
2021-22,1629607,1610612740,5,42.8833333333333,37.0,2.0,14.0,4.0,1.0,2.0,0.538,0.417,1.0
2021-22,1628991,1610612763,78,2126.24833333333,1272.0,454.0,86.0,73.0,177.0,130.0,0.415,0.319,0.823
2021-22,1629020,1610612750,74,1880.51666666667,512.0,624.0,94.0,99.0,46.0,73.0,0.587,0.143,0.656
2021-22,1628386,1610612739,56,1809.56,904.0,602.0,92.0,44.0,75.0,94.0,0.677,0.1,0.708
2021-22,1629633,1610612763,37,338.185,130.0,48.0,33.0,20.0,5.0,20.0,0.378,0.255,0.471
2021-22,1629600,1610612757,3,12.3166666666667,2.0,3.0,1.0,0.0,0.0,0.0,0.5,0.0,0.0
2021-22,1629602,1610612749,1,2.8,0.0,1.0,0.0,1.0,0.0,0.0,0.0,0.0,0.0
2021-22,1629750,1610612741,65,1519.045,468.0,276.0,60.0,67.0,32.0,30.0,0.542,0.356,0.833
2021-22,1630606,1610612748,17,199.856666666667,51.0,24.0,16.0,6.0,3.0,11.0,0.317,0.296,0.833
2021-22,1629637,1610612740,70,1397.54,654.0,315.0,43.0,33.0,55.0,54.0,0.616,0.351,0.766
2021-22,1630643,1610612747,4,20.25,0.0,4.0,1.0,1.0,1.0,1.0,0.0,0.0,0.0
2021-22,1630206,1610612746,18,121.381666666667,49.0,16.0,8.0,4.0,3.0,7.0,0.391,0.286,0.7
2021-22,1627759,1610612738,66,2220.45333333333,1559.0,404.0,231.0,70.0,18.0,178.0,0.473,0.358,0.758
2021-22,1629658,1610612760,7,239.571666666667,103.0,84.0,17.0,6.0,5.0,8.0,0.489,0.36,0.429
2021-22,1628537,1610612759,3,16.0333333333333,2.0,2.0,2.0,0.0,0.0,1.0,0.0,0.0,0.5
2021-22,1629669,1610612750,62,974.795,527.0,123.0,130.0,27.0,10.0,36.0,0.475,0.394,0.783
2021-22,1629873,1610612765,1,6.61666666666667,0.0,1.0,1.0,0.0,0.0,1.0,0.0,0.0,0.0
2021-22,1628369,1610612738,76,2730.97166666667,2046.0,609.0,334.0,75.0,49.0,217.0,0.453,0.353,0.853
2021-22,1630288,1610612753,9,108.016666666667,19.0,18.0,10.0,5.0,1.0,5.0,0.308,0.111,1.0
2021-22,201145,1610612743,75,1848.965,772.0,231.0,96.0,28.0,27.0,71.0,0.524,0.315,0.833
2021-22,1629203,1610612747,2,14.7166666666667,4.0,3.0,0.0,1.0,0.0,0.0,0.667,0.0,0.0
2021-22,203924,1610612765,47,1499.87333333333,904.0,191.0,111.0,44.0,49.0,85.0,0.426,0.358,0.838
2021-22,1630526,1610612760,49,1087.10833333333,366.0,274.0,49.0,29.0,15.0,39.0,0.414,0.352,0.741
2021-22,203087,1610612758,56,935.448333333333,410.0,154.0,81.0,31.0,22.0,37.0,0.383,0.324,0.84
2021-22,1630579,1610612752,41,555.043333333333,90.0,169.0,21.0,11.0,22.0,20.0,0.722,0.0,0.414
2021-22,1628975,1610612749,66,905.178333333333,277.0,110.0,96.0,24.0,14.0,34.0,0.387,0.388,0.833
2021-22,202710,1610612748,57,1930.83166666667,1219.0,336.0,312.0,94.0,27.0,121.0,0.48,0.233,0.87
2021-22,1629111,1610612759,54,588.731666666667,265.0,138.0,45.0,10.0,14.0,31.0,0.495,0.326,0.829
2021-22,203925,1610612751,14,422.708333333333,158.0,56.0,14.0,7.0,2.0,16.0,0.452,0.466,0.833
2021-22,204060,1610612757,45,1122.135,325.0,131.0,158.0,23.0,5.0,46.0,0.404,0.347,0.773
2021-22,2207,1610612738,1,1.95,2.0,0.0,0.0,0.0,0.0,0.0,1.0,0.0,0.0
2021-22,1630580,1610612759,29,205.141666666667,61.0,14.0,9.0,4.0,3.0,2.0,0.357,0.326,0.538
2021-22,1630555,1610612764,7,20.2166666666667,2.0,3.0,4.0,0.0,0.0,0.0,0.167,0.0,0.0
2021-22,203954,1610612755,68,2296.405,2079.0,796.0,284.0,77.0,99.0,214.0,0.499,0.371,0.814
2021-22,1628381,1610612737,54,1662.60333333333,876.0,422.0,98.0,33.0,56.0,60.0,0.526,0.364,0.793
2021-22,1629723,1610612763,72,1291.52833333333,349.0,329.0,109.0,45.0,22.0,29.0,0.515,0.413,0.551
2021-22,1630257,1610612763,3,7.74166666666667,0.0,2.0,1.0,1.0,0.0,0.0,0.0,0.0,0.0
2021-22,202685,1610612740,74,2240.05833333333,1314.0,843.0,190.0,41.0,60.0,179.0,0.544,0.361,0.82
2021-22,1630228,1610612744,70,1184.75,652.0,234.0,64.0,31.0,22.0,74.0,0.513,0.336,0.684
2021-22,1628395,1610612741,1,2.01666666666667,0.0,1.0,0.0,1.0,0.0,0.0,0.0,0.0,0.0
2021-22,203903,1610612762,79,2140.86,1266.0,273.0,194.0,66.0,16.0,129.0,0.419,0.318,0.828
2021-22,1630692,1610612764,2,5.93333333333333,0.0,1.0,0.0,0.0,0.0,0.0,0.0,0.0,0.0
2021-22,1629162,1610612750,62,901.608333333333,233.0,94.0,180.0,57.0,10.0,38.0,0.44,0.318,0.75
2021-22,1629670,1610612749,62,1185.27166666667,487.0,221.0,59.0,25.0,17.0,57.0,0.403,0.348,0.837
2021-22,1629673,1610612744,76,2283.31166666667,1405.0,260.0,304.0,60.0,23.0,187.0,0.448,0.364,0.925
2021-22,1630648,1610612764,4,30.2666666666667,5.0,8.0,0.0,1.0,0.0,1.0,0.091,0.167,1.0
2021-22,1630631,1610612740,54,833.908333333333,330.0,100.0,152.0,71.0,7.0,40.0,0.446,0.291,0.679
2021-22,1630528,1610612745,74,1333.74166666667,587.0,186.0,150.0,65.0,13.0,114.0,0.448,0.296,0.735
2021-22,1630581,1610612760,54,1700.35166666667,674.0,421.0,345.0,51.0,20.0,171.0,0.419,0.263,0.709
2021-22,1630182,1610612742,67,1038.95666666667,319.0,161.0,79.0,45.0,14.0,44.0,0.508,0.359,0.689
2021-22,1628404,1610612757,54,1790.99,807.0,388.0,224.0,61.0,13.0,114.0,0.504,0.343,0.758
2021-22,1628367,1610612758,51,829.938333333333,328.0,141.0,54.0,26.0,22.0,47.0,0.4,0.254,0.714
2021-22,1629006,1610612750,49,515.79,133.0,70.0,25.0,26.0,12.0,23.0,0.404,0.298,0.686
2021-22,1626196,1610612759,65,1599.71666666667,666.0,185.0,115.0,56.0,29.0,66.0,0.438,0.415,0.889
2021-22,1630563,1610612759,50,965.04,288.0,113.0,81.0,20.0,23.0,57.0,0.374,0.307,0.746
2021-22,201950,1610612749,67,2207.44,1225.0,301.0,457.0,108.0,29.0,183.0,0.501,0.411,0.761
2021-22,1629308,1610612744,73,994.131666666667,298.0,176.0,127.0,48.0,17.0,68.0,0.489,0.322,0.571
2021-22,1627823,1610612762,40,444.551666666667,131.0,100.0,20.0,14.0,10.0,16.0,0.415,0.348,0.559
2021-22,203944,1610612752,72,2543.86333333333,1447.0,716.0,370.0,53.0,39.0,245.0,0.411,0.308,0.756
2021-22,1626147,1610612754,16,315.851666666667,102.0,46.0,33.0,8.0,6.0,8.0,0.379,0.254,0.789
2021-22,1630551,1610612761,36,280.831666666667,81.0,72.0,11.0,8.0,4.0,8.0,0.463,0.357,1.0
2021-22,203200,1610612758,74,2056.81,749.0,190.0,128.0,57.0,33.0,70.0,0.394,0.367,0.806
2021-22,1628382,1610612756,7,36.4666666666667,15.0,7.0,2.0,0.0,0.0,1.0,0.333,0.333,1.0
2021-22,1629620,1610612765,25,303.728333333333,78.0,21.0,32.0,9.0,1.0,17.0,0.301,0.295,0.5
2021-22,1626159,1610612757,48,774.663333333333,274.0,202.0,84.0,35.0,25.0,49.0,0.428,0.227,0.591
2021-22,203994,1610612757,56,1578.485,842.0,619.0,157.0,62.0,34.0,143.0,0.535,0.268,0.69
2021-22,1629752,1610612738,2,30.965,5.0,4.0,1.0,0.0,0.0,0.0,0.667,0.5,0.0
2021-22,1630231,1610612745,79,1656.325,696.0,297.0,101.0,34.0,40.0,60.0,0.533,0.357,0.634
2021-22,1629644,1610612748,21,244.071666666667,77.0,41.0,14.0,4.0,7.0,5.0,0.435,0.346,0.727
2021-22,1630539,1610612766,21,62.685,22.0,11.0,4.0,1.0,2.0,6.0,0.643,0.5,0.375
2021-22,1626157,1610612750,74,2475.45666666667,1818.0,727.0,269.0,72.0,83.0,226.0,0.529,0.41,0.822
2021-22,1626208,1610612754,32,566.403333333333,180.0,45.0,62.0,12.0,4.0,33.0,0.363,0.3,0.882
2021-22,1628966,1610612759,59,956.548333333333,335.0,231.0,41.0,27.0,14.0,45.0,0.517,0.309,0.754
2021-22,1629103,1610612738,30,449.701666666667,171.0,55.0,21.0,13.0,9.0,14.0,0.409,0.293,0.692
2021-22,1629640,1610612759,75,2391.725,1278.0,457.0,158.0,58.0,14.0,92.0,0.466,0.398,0.756
2021-22,1629833,1610612757,31,349.353333333333,95.0,45.0,19.0,13.0,1.0,17.0,0.306,0.292,0.545
2021-22,203482,1610612765,40,763.716666666667,365.0,177.0,111.0,31.0,19.0,58.0,0.448,0.336,0.775
2021-22,1626162,1610612766,76,1999.18,1137.0,302.0,84.0,77.0,31.0,67.0,0.44,0.345,0.667
2021-22,202689,1610612752,37,947.69,431.0,111.0,131.0,26.0,7.0,48.0,0.403,0.367,0.845
2021-22,1629026,1610612760,49,1072.31833333333,363.0,220.0,108.0,44.0,10.0,46.0,0.461,0.339,0.545
2021-22,203145,1610612747,39,544.613333333333,132.0,69.0,34.0,25.0,9.0,21.0,0.324,0.363,0.765
2021-22,203484,1610612764,77,2328.77,1018.0,261.0,145.0,83.0,26.0,97.0,0.435,0.39,0.89
2021-22,1630553,1610612757,37,696.246666666667,267.0,81.0,76.0,28.0,12.0,46.0,0.353,0.34,0.804
2021-22,1630556,1610612751,48,987.195,284.0,172.0,31.0,29.0,24.0,42.0,0.412,0.353,0.842
2021-22,201142,1610612751,55,2047.40666666667,1643.0,407.0,351.0,48.0,52.0,191.0,0.518,0.383,0.91
2021-22,1628989,1610612737,74,2188.45666666667,892.0,254.0,203.0,55.0,26.0,91.0,0.454,0.389,0.808
2021-22,1628995,1610612737,30,222.49,93.0,44.0,10.0,4.0,2.0,7.0,0.365,0.278,0.727
2021-22,201567,1610612739,74,1664.865,1007.0,536.0,160.0,26.0,18.0,98.0,0.43,0.392,0.838
2021-22,1630698,1610612739,24,166.013333333333,39.0,11.0,30.0,3.0,0.0,7.0,0.326,0.231,0.75
2021-22,1629645,1610612745,61,1907.15333333333,949.0,267.0,376.0,69.0,22.0,192.0,0.415,0.375,0.642
2021-22,1626172,1610612744,82,1732.34333333333,491.0,596.0,165.0,50.0,52.0,67.0,0.571,0.0,0.6
2021-22,203920,1610612761,55,991.168333333333,247.0,239.0,56.0,30.0,26.0,29.0,0.485,0.0,0.746
2021-22,203114,1610612749,66,2141.29,1325.0,356.0,358.0,76.0,18.0,190.0,0.443,0.373,0.89
2021-22,1630165,1610612765,66,1646.97166666667,453.0,210.0,277.0,78.0,35.0,111.0,0.383,0.263,0.77
2021-22,1629681,1610612763,36,460.591666666667,118.0,60.0,22.0,23.0,15.0,13.0,0.339,0.314,0.625
2021-22,1630184,1610612740,24,341.14,141.0,39.0,49.0,11.0,1.0,26.0,0.404,0.224,0.833
2021-22,202691,1610612744,32,940.851666666667,652.0,125.0,88.0,16.0,17.0,43.0,0.429,0.385,0.902
2021-22,1627739,1610612757,14,336.345,106.0,49.0,79.0,23.0,3.0,32.0,0.431,0.091,0.944
2021-22,204001,1610612764,51,1480.61833333333,1030.0,411.0,119.0,37.0,84.0,81.0,0.459,0.31,0.867
2021-22,203937,1610612763,69,1483.65666666667,521.0,368.0,183.0,77.0,45.0,71.0,0.446,0.33,0.638
2021-22,1629657,1610612748,19,185.733333333333,74.0,17.0,17.0,7.0,1.0,13.0,0.4,0.35,0.667
2021-22,1628398,1610612764,66,2204.27,1130.0,561.0,233.0,42.0,57.0,169.0,0.452,0.341,0.712
2021-22,200768,1610612748,63,2133.155,844.0,282.0,474.0,67.0,17.0,168.0,0.44,0.377,0.851
2021-22,202681,1610612751,29,1091.505,796.0,127.0,167.0,41.0,17.0,73.0,0.469,0.418,0.915
2021-22,200746,1610612751,47,1050.085,607.0,258.0,42.0,14.0,47.0,44.0,0.55,0.304,0.873
2021-22,1630163,1610612766,75,2422.06666666667,1508.0,501.0,571.0,119.0,30.0,245.0,0.429,0.389,0.872
2021-22,1630205,1610612739,63,1014.86,383.0,164.0,44.0,31.0,18.0,41.0,0.489,0.277,0.707
2021-22,202362,1610612754,46,813.978333333333,384.0,127.0,165.0,24.0,4.0,72.0,0.455,0.3,0.788
2021-22,1629013,1610612756,69,1437.38333333333,573.0,126.0,108.0,28.0,9.0,41.0,0.394,0.368,0.84
2021-22,204038,1610612749,7,106.7,14.0,18.0,12.0,1.0,0.0,6.0,0.231,0.125,0.0
2021-22,1626204,1610612740,46,1040.07166666667,321.0,248.0,81.0,43.0,20.0,37.0,0.522,0.329,0.702
2021-22,1628374,1610612739,61,1877.58666666667,900.0,345.0,81.0,45.0,30.0,54.0,0.445,0.358,0.868
2021-22,2544,1610612747,56,2084.335,1695.0,459.0,349.0,73.0,59.0,196.0,0.524,0.359,0.756
2021-22,1630195,1610612750,35,240.945,50.0,43.0,21.0,6.0,0.0,13.0,0.315,0.278,0.846
2021-22,1629623,1610612749,19,199.128333333333,80.0,25.0,23.0,5.0,1.0,12.0,0.426,0.346,0.543
2021-22,1630322,1610612760,25,465.25,199.0,73.0,24.0,19.0,8.0,11.0,0.406,0.363,0.8
2021-22,1629022,1610612759,70,1612.32333333333,849.0,181.0,152.0,44.0,19.0,71.0,0.407,0.314,0.784
2021-22,1628366,1610612741,35,1212.345,455.0,190.0,178.0,64.0,31.0,82.0,0.423,0.423,0.75
2021-22,101150,1610612737,56,798.876666666667,354.0,87.0,105.0,28.0,3.0,43.0,0.391,0.363,0.859
2021-22,1629663,1610612758,10,103.606666666667,45.0,12.0,9.0,2.0,1.0,0.0,0.319,0.296,0.7
2021-22,1629652,1610612760,51,1665.35333333333,877.0,212.0,88.0,46.0,18.0,88.0,0.404,0.332,0.843
2021-22,1629029,1610612742,65,2300.71833333333,1847.0,593.0,568.0,75.0,36.0,292.0,0.457,0.353,0.744
2021-22,1630568,1610612765,32,388.965,186.0,100.0,20.0,9.0,6.0,18.0,0.449,0.327,0.623
2021-22,1628379,1610612746,70,1919.13333333333,833.0,229.0,146.0,42.0,6.0,60.0,0.449,0.449,0.896
2021-22,1628436,1610612738,15,103.333333333333,30.0,29.0,9.0,3.0,3.0,0.0,0.481,0.0,0.667
2021-22,1630640,1610612756,2,8.39333333333333,0.0,1.0,1.0,2.0,0.0,0.0,0.0,0.0,0.0
2021-22,1630644,1610612747,2,24.3833333333333,8.0,3.0,1.0,1.0,1.0,3.0,0.5,0.333,1.0
2021-22,1630201,1610612761,44,537.056666666667,189.0,63.0,70.0,20.0,4.0,13.0,0.393,0.333,0.625
2021-22,1627763,1610612754,36,1206.24833333333,687.0,185.0,212.0,30.0,14.0,77.0,0.448,0.312,0.856
2021-22,1630792,1610612741,19,212.09,72.0,35.0,8.0,7.0,3.0,3.0,0.462,0.361,0.786
2021-22,1627736,1610612750,79,1976.26,953.0,227.0,116.0,43.0,12.0,43.0,0.391,0.377,0.817
2021-22,1630238,1610612738,15,62.7583333333333,21.0,17.0,5.0,0.0,0.0,2.0,0.421,0.5,0.0
2021-22,1628370,1610612747,76,2138.435,1048.0,256.0,218.0,61.0,29.0,122.0,0.473,0.391,0.795
2021-22,1629005,1610612739,1,7.68333333333333,8.0,1.0,1.0,0.0,0.0,1.0,0.6,0.0,1.0
2021-22,1629603,1610612760,13,187.683333333333,56.0,59.0,2.0,5.0,9.0,7.0,0.532,0.0,0.545
2021-22,1630585,1610612748,12,128.228333333333,13.0,23.0,7.0,5.0,3.0,2.0,0.238,0.25,0.4
2021-22,202694,1610612746,54,1564.28,830.0,239.0,113.0,28.0,18.0,69.0,0.434,0.367,0.872
2021-22,203935,1610612738,71,2295.84166666667,861.0,270.0,417.0,119.0,18.0,159.0,0.418,0.331,0.793
2021-22,1628365,1610612753,18,359.731666666667,195.0,49.0,99.0,20.0,5.0,40.0,0.474,0.235,0.806
2021-22,202693,1610612748,17,298.338333333333,129.0,45.0,23.0,6.0,1.0,20.0,0.474,0.333,0.889
2021-22,1630250,1610612741,9,35.185,17.0,10.0,0.0,1.0,1.0,2.0,0.267,0.2,0.727
2021-22,1630210,1610612743,31,176.496666666667,126.0,12.0,7.0,9.0,0.0,7.0,0.386,0.4,0.87
2021-22,1627737,1610612742,34,345.678333333333,154.0,103.0,17.0,13.0,12.0,17.0,0.463,0.32,0.667
2021-22,1628963,1610612765,48,1146.06166666667,540.0,338.0,36.0,22.0,18.0,39.0,0.504,0.237,0.663
2021-22,1630222,1610612747,4,50.5833333333333,27.0,10.0,4.0,2.0,0.0,1.0,0.467,0.25,0.8
2021-22,203486,1610612766,73,1792.525,477.0,565.0,226.0,61.0,52.0,100.0,0.641,0.0,0.392
2021-22,1629680,1610612755,66,1685.26333333333,379.0,151.0,75.0,115.0,71.0,39.0,0.5,0.313,0.791
2021-22,1629760,1610612752,1,1.93333333333333,0.0,0.0,0.0,1.0,0.0,1.0,0.0,0.0,0.0
2021-22,1630346,1610612738,1,5.25,3.0,0.0,0.0,1.0,0.0,0.0,0.2,0.2,0.0
2021-22,1629744,1610612741,40,459.511666666667,161.0,50.0,20.0,8.0,3.0,8.0,0.41,0.385,0.8
2021-22,203090,1610612758,47,863.471666666667,217.0,112.0,23.0,29.0,24.0,31.0,0.459,0.307,0.714
2021-22,1629622,1610612748,68,1587.08166666667,721.0,202.0,92.0,28.0,16.0,57.0,0.441,0.41,0.792
2021-22,1628467,1610612742,59,1449.86166666667,411.0,350.0,68.0,30.0,58.0,47.0,0.398,0.325,0.708
2021-22,1630593,1610612750,5,18.8666666666667,5.0,0.0,3.0,0.0,0.0,1.0,0.667,0.5,0.0
2021-22,1628982,1610612760,3,119.566666666667,32.0,13.0,1.0,1.0,0.0,3.0,0.271,0.048,0.714
2021-22,1630695,1610612765,3,30.9316666666667,12.0,9.0,0.0,1.0,1.0,1.0,0.455,0.0,1.0
2021-22,1629008,1610612743,9,265.048333333333,89.0,59.0,17.0,10.0,2.0,12.0,0.359,0.208,0.556
2021-22,1628969,1610612756,82,2854.35333333333,1162.0,347.0,185.0,96.0,36.0,68.0,0.534,0.369,0.834
2021-22,201144,1610612762,72,2058.13833333333,986.0,217.0,385.0,96.0,21.0,123.0,0.435,0.408,0.796
2021-22,203488,1610612760,43,592.52,344.0,129.0,22.0,18.0,26.0,14.0,0.456,0.429,0.842
2021-22,1628970,1610612766,80,2837.11333333333,1613.0,559.0,300.0,74.0,67.0,150.0,0.491,0.331,0.802
2021-22,1630540,1610612752,40,372.211666666667,89.0,42.0,41.0,14.0,1.0,5.0,0.296,0.25,0.667
2021-22,1629011,1610612752,72,1848.36666666667,610.0,617.0,38.0,58.0,133.0,60.0,0.761,0.0,0.486
2021-22,1629671,1610612762,16,44.1866666666667,5.0,7.0,5.0,0.0,0.0,1.0,0.222,0.125,0.0
2021-22,1628964,1610612753,71,1823.70666666667,756.0,572.0,85.0,38.0,118.0,77.0,0.48,0.381,0.781
2021-22,1628420,1610612743,75,2238.94833333333,945.0,226.0,333.0,56.0,14.0,78.0,0.484,0.395,0.869
2021-22,1626149,1610612766,71,1640.35833333333,932.0,431.0,145.0,29.0,43.0,72.0,0.645,0.235,0.716
2021-22,1629021,1610612753,63,959.531666666667,564.0,232.0,87.0,20.0,13.0,56.0,0.497,0.328,0.806
2021-22,1629650,1610612739,40,344.325,171.0,135.0,1.0,7.0,16.0,20.0,0.593,0.0,0.597
2021-22,1630541,1610612744,52,607.12,228.0,80.0,23.0,7.0,10.0,13.0,0.437,0.364,0.778
2021-22,1630589,1610612742,4,14.7333333333333,5.0,3.0,2.0,0.0,1.0,0.0,0.25,0.0,1.0
2021-22,1628539,1610612748,17,239.555,69.0,24.0,5.0,4.0,2.0,8.0,0.312,0.315,1.0
2021-22,1629619,1610612755,11,52.0666666666667,13.0,6.0,3.0,1.0,0.0,3.0,0.294,0.167,1.0
2021-22,1626167,1610612754,42,1234.72833333333,540.0,297.0,44.0,28.0,118.0,54.0,0.509,0.333,0.752
2021-22,1630230,1610612740,55,735.58,313.0,142.0,62.0,33.0,8.0,46.0,0.405,0.2,0.796
2021-22,1629642,1610612757,42,1088.36833333333,410.0,236.0,54.0,25.0,36.0,40.0,0.46,0.331,0.734
2021-22,1630207,1610612754,2,2.42666666666667,0.0,0.0,0.0,0.0,0.0,1.0,0.0,0.0,0.0
2021-22,1630233,1610612750,37,267.316666666667,138.0,85.0,22.0,7.0,8.0,18.0,0.511,0.308,0.733
2021-22,1629675,1610612750,77,1215.28666666667,637.0,301.0,71.0,40.0,71.0,82.0,0.489,0.343,0.765
2021-22,1629674,1610612758,15,119.6,45.0,31.0,6.0,1.0,8.0,6.0,0.447,0.0,0.647
2021-22,202357,1610612744,71,1142.36666666667,433.0,294.0,159.0,41.0,26.0,87.0,0.468,0.362,0.728
2021-22,203457,1610612752,25,561.97,85.0,141.0,23.0,30.0,31.0,20.0,0.533,0.0,0.7
2021-22,1629651,1610612751,47,974.091666666667,410.0,264.0,43.0,24.0,51.0,38.0,0.674,0.0,0.581
2021-22,1630208,1610612766,50,367.143333333333,150.0,86.0,13.0,9.0,21.0,24.0,0.667,0.0,0.698
2021-22,1629638,1610612762,65,1465.82,692.0,187.0,156.0,46.0,23.0,93.0,0.372,0.311,0.743
2021-22,201587,1610612746,59,1462.595,491.0,254.0,100.0,58.0,42.0,40.0,0.463,0.4,0.658
2021-22,203917,1610612738,8,38.7883333333333,18.0,3.0,2.0,0.0,0.0,1.0,0.357,0.4,0.667
2021-22,203999,1610612743,74,2475.59166666667,2004.0,1019.0,584.0,109.0,63.0,281.0,0.583,0.337,0.81
2021-22,202696,1610612741,73,2417.54333333333,1288.0,804.0,236.0,70.0,71.0,136.0,0.473,0.314,0.76
2021-22,1626181,1610612746,45,1458.215,853.0,145.0,96.0,42.0,21.0,69.0,0.461,0.419,0.811
2021-22,203658,1610612762,3,19.0166666666667,6.0,6.0,0.0,0.0,1.0,2.0,0.6,0.0,0.0
2021-22,1628384,1610612761,48,1728.31333333333,822.0,264.0,125.0,71.0,25.0,80.0,0.443,0.363,0.754
2021-22,1630167,1610612752,72,1229.75333333333,648.0,268.0,77.0,25.0,33.0,56.0,0.531,0.308,0.758
2021-22,1630846,1610612760,22,420.87,153.0,93.0,19.0,6.0,15.0,22.0,0.574,0.448,0.828
2021-22,1630209,1610612748,56,706.198333333333,299.0,294.0,49.0,17.0,20.0,41.0,0.526,0.091,0.623
2021-22,1630168,1610612737,48,992.063333333333,392.0,283.0,53.0,31.0,60.0,44.0,0.69,0.0,0.727
2021-22,1629052,1610612754,67,1564.04,613.0,358.0,72.0,44.0,29.0,54.0,0.411,0.35,0.695
2021-22,203490,1610612744,63,1395.49833333333,515.0,362.0,94.0,68.0,29.0,37.0,0.464,0.37,0.803
2021-22,200782,1610612748,71,1980.75833333333,539.0,387.0,149.0,58.0,15.0,66.0,0.484,0.415,0.738
2021-22,1629023,1610612766,65,1768.07333333333,668.0,337.0,147.0,57.0,61.0,82.0,0.47,0.365,0.716
2021-22,1628408,1610612743,18,340.488333333333,97.0,63.0,29.0,11.0,6.0,13.0,0.364,0.313,0.769
2021-22,1628238,1610612756,2,7.38333333333333,6.0,4.0,0.0,1.0,0.0,2.0,0.333,0.0,1.0
2021-22,1627783,1610612761,68,2577.85333333333,1551.0,580.0,360.0,85.0,42.0,181.0,0.494,0.344,0.749
2021-22,1626192,1610612749,65,1690.83,645.0,273.0,82.0,59.0,15.0,35.0,0.458,0.395,0.833
2021-22,201976,1610612750,58,1475.73833333333,533.0,240.0,268.0,67.0,52.0,73.0,0.406,0.343,0.722
2021-22,1630172,1610612741,17,422.328333333333,153.0,69.0,15.0,9.0,9.0,16.0,0.529,0.517,0.732
2021-22,201988,1610612751,81,2345.72333333333,923.0,156.0,183.0,51.0,17.0,73.0,0.408,0.4,0.814
2021-22,202331,1610612746,31,1077.38666666667,754.0,213.0,176.0,67.0,13.0,126.0,0.421,0.354,0.858
2021-22,200794,1610612755,33,375.701666666667,115.0,114.0,29.0,10.0,13.0,19.0,0.391,0.229,0.708
2021-22,1630194,1610612755,38,302.531666666667,116.0,92.0,16.0,33.0,14.0,10.0,0.563,0.25,0.429
2021-22,1628778,1610612760,9,156.208333333333,31.0,27.0,8.0,3.0,3.0,4.0,0.343,0.231,0.5
2021-22,1630202,1610612738,71,1001.0,442.0,134.0,139.0,25.0,6.0,41.0,0.429,0.412,1.0
2021-22,1627822,1610612743,13,37.965,14.0,14.0,3.0,1.0,1.0,4.0,0.333,0.125,0.75
2021-22,1630173,1610612761,73,1724.65333333333,664.0,473.0,82.0,37.0,41.0,84.0,0.439,0.359,0.595
2021-22,1629656,1610612752,46,786.226666666667,275.0,94.0,44.0,31.0,11.0,28.0,0.404,0.381,0.684
2021-22,1629683,1610612744,11,73.4083333333333,30.0,14.0,5.0,1.0,1.0,3.0,0.571,0.2,1.0
2021-22,1630181,1610612753,64,1402.26166666667,489.0,194.0,158.0,42.0,13.0,87.0,0.383,0.35,0.641
2021-22,1629628,1610612752,70,2417.19,1402.0,408.0,208.0,43.0,16.0,151.0,0.408,0.342,0.714
2021-22,1630612,1610612739,14,62.7333333333333,15.0,7.0,12.0,1.0,0.0,3.0,0.333,0.0,0.75
2021-22,200765,1610612739,39,697.933333333333,186.0,108.0,170.0,30.0,6.0,68.0,0.386,0.352,0.731
2021-22,203526,1610612764,70,1371.995,526.0,134.0,217.0,55.0,3.0,79.0,0.463,0.292,0.769
2021-22,1629730,1610612749,5,70.8183333333333,21.0,8.0,10.0,4.0,0.0,1.0,0.667,0.8,0.714
2021-22,203493,1610612742,68,1901.84833333333,583.0,241.0,83.0,41.0,14.0,40.0,0.401,0.36,0.833
2021-22,202704,1610612746,75,2336.52833333333,1263.0,271.0,359.0,55.0,15.0,173.0,0.392,0.326,0.847
2021-22,1629617,1610612757,10,187.266666666667,92.0,47.0,12.0,9.0,6.0,11.0,0.506,0.188,0.6
2021-22,1626158,1610612758,45,1074.07833333333,468.0,317.0,48.0,17.0,41.0,56.0,0.66,0.4,0.778
2021-22,201937,1610612754,34,970.15,445.0,141.0,225.0,49.0,7.0,90.0,0.363,0.339,0.854
2021-22,1630306,1610612760,2,10.85,3.0,3.0,0.0,0.0,0.0,1.0,0.25,0.25,0.0
2021-22,203496,1610612746,71,1939.48,604.0,391.0,92.0,103.0,91.0,75.0,0.42,0.378,0.841
2021-22,1629057,1610612738,61,1804.33333333333,607.0,588.0,121.0,56.0,134.0,63.0,0.736,0.0,0.722
2021-22,1630218,1610612759,12,42.1933333333333,7.0,11.0,3.0,1.0,1.0,1.0,0.125,0.25,1.0
2021-22,201577,1610612753,36,611.903333333333,254.0,126.0,54.0,2.0,18.0,44.0,0.553,0.333,0.593
2021-22,203918,1610612746,52,709.435,163.0,77.0,38.0,15.0,6.0,11.0,0.369,0.33,0.895
2021-22,203585,1610612765,51,754.056666666667,273.0,111.0,48.0,21.0,7.0,24.0,0.436,0.397,0.731
2021-22,1629641,1610612759,48,770.906666666667,218.0,108.0,21.0,22.0,16.0,16.0,0.435,0.341,0.548
2021-22,1626220,1610612762,77,2405.53833333333,570.0,368.0,191.0,86.0,32.0,79.0,0.457,0.389,0.804
2021-22,200752,1610612762,55,1038.23666666667,446.0,242.0,56.0,25.0,19.0,47.0,0.414,0.345,0.785
2021-22,203497,1610612762,66,2120.41666666667,1027.0,968.0,72.0,45.0,137.0,119.0,0.713,0.0,0.69
2021-22,1629060,1610612764,42,943.525,475.0,160.0,48.0,23.0,9.0,33.0,0.491,0.447,0.697
2021-22,201566,1610612747,78,2677.86666666667,1441.0,580.0,550.0,75.0,20.0,295.0,0.444,0.298,0.667
2021-22,1627853,1610612752,10,76.2533333333333,16.0,8.0,4.0,1.0,0.0,3.0,0.5,0.444,0.0
2021-22,1630240,1610612765,37,603.728333333333,208.0,87.0,107.0,36.0,12.0,36.0,0.39,0.233,0.789
2021-22,1630180,1610612765,82,2704.17666666667,1321.0,441.0,233.0,73.0,16.0,96.0,0.396,0.346,0.827
2021-22,1626155,1610612761,1,0.906666666666667,0.0,0.0,0.0,0.0,0.0,0.0,0.0,0.0,0.0
2021-22,1630573,1610612738,26,157.605,65.0,29.0,10.0,1.0,2.0,2.0,0.46,0.432,0.0
2021-22,1630241,1610612763,6,57.8333333333333,25.0,7.0,4.0,0.0,0.0,2.0,0.333,0.304,0.5
2021-22,1630572,1610612749,41,407.001666666667,154.0,82.0,22.0,9.0,9.0,15.0,0.496,0.423,0.818
2021-22,1630583,1610612763,32,359.768333333333,132.0,87.0,21.0,6.0,10.0,16.0,0.402,0.125,0.625
2021-22,1630567,1610612761,74,2617.28833333333,1134.0,557.0,256.0,80.0,55.0,136.0,0.492,0.301,0.735
2021-22,1630575,1610612766,2,6.55,1.0,0.0,1.0,1.0,0.0,0.0,0.0,0.0,0.5
2021-22,203816,1610612760,1,17.7333333333333,4.0,1.0,1.0,0.0,0.0,2.0,0.5,0.0,0.0
2021-22,1629635,1610612747,2,16.3833333333333,14.0,6.0,0.0,3.0,2.0,2.0,0.625,0.5,0.75
2021-22,1628400,1610612746,30,405.836666666667,98.0,74.0,9.0,7.0,6.0,9.0,0.303,0.3,0.793
2021-22,201586,1610612749,54,877.601666666667,365.0,250.0,49.0,11.0,33.0,43.0,0.5,0.374,0.727
2021-22,203552,1610612751,64,2134.26666666667,960.0,200.0,230.0,53.0,14.0,109.0,0.487,0.422,0.872
2021-22,1628983,1610612760,56,1941.855,1371.0,278.0,331.0,71.0,46.0,154.0,0.453,0.3,0.81
2021-22,1629003,1610612755,55,1179.43333333333,450.0,142.0,139.0,28.0,17.0,44.0,0.429,0.323,0.836
2021-22,1629783,1610612763,2,9.81666666666667,2.0,2.0,2.0,1.0,0.0,2.0,0.25,0.0,0.0
2021-22,1627885,1610612751,2,22.5833333333333,4.0,4.0,3.0,1.0,1.0,2.0,0.333,0.0,0.0
2021-22,1630536,1610612737,13,38.5866666666667,7.0,5.0,5.0,0.0,0.0,5.0,0.214,0.167,0.0
2021-22,1630219,1610612737,28,219.886666666667,80.0,25.0,17.0,7.0,0.0,10.0,0.5,0.32,0.889
2021-22,203524,1610612737,13,139.413333333333,8.0,23.0,12.0,4.0,2.0,1.0,0.15,0.154,0.0
2021-22,203915,1610612742,67,1980.49166666667,919.0,279.0,346.0,44.0,13.0,104.0,0.416,0.339,0.774
2021-22,1626169,1610612747,48,1094.39833333333,320.0,155.0,80.0,43.0,14.0,35.0,0.466,0.314,0.716
2021-22,201939,1610612744,64,2211.085,1630.0,335.0,404.0,85.0,23.0,206.0,0.437,0.38,0.923
2021-22,1628425,1610612742,49,628.411666666667,160.0,149.0,34.0,14.0,7.0,23.0,0.381,0.304,0.933
2021-22,203500,1610612763,76,1998.57666666667,528.0,760.0,256.0,65.0,60.0,115.0,0.547,0.0,0.543
2021-22,1629004,1610612761,56,716.121666666667,255.0,92.0,45.0,26.0,4.0,32.0,0.389,0.306,0.865
2021-22,204456,1610612754,27,652.103333333333,229.0,90.0,131.0,29.0,10.0,29.0,0.481,0.303,0.826
2021-22,1629605,1610612739,11,58.7833333333333,12.0,23.0,2.0,0.0,6.0,3.0,0.417,0.0,0.286
2021-22,201959,1610612752,52,945.723333333333,229.0,229.0,32.0,22.0,40.0,27.0,0.518,0.395,0.808
2021-22,1629659,1610612747,60,1511.02833333333,597.0,193.0,159.0,59.0,29.0,82.0,0.416,0.269,0.8
2021-22,1627752,1610612750,69,1176.655,502.0,174.0,68.0,47.0,23.0,53.0,0.454,0.376,0.756
2021-22,1629611,1610612746,81,2316.81,872.0,425.0,209.0,55.0,21.0,84.0,0.484,0.365,0.78
2021-22,1629056,1610612758,30,536.311666666667,311.0,94.0,40.0,25.0,11.0,33.0,0.423,0.329,0.818
2021-22,203082,1610612753,63,1448.17833333333,629.0,161.0,116.0,28.0,12.0,75.0,0.397,0.292,0.862
2021-22,1626179,1610612766,73,2457.84333333333,1408.0,315.0,326.0,93.0,25.0,96.0,0.444,0.374,0.852
2021-22,1630678,1610612754,33,713.795,318.0,172.0,41.0,14.0,8.0,23.0,0.614,0.316,0.706
2021-22,201152,1610612761,52,845.208333333333,322.0,208.0,104.0,54.0,18.0,52.0,0.518,0.354,0.469
2021-22,203648,1610612749,48,473.343333333333,171.0,101.0,22.0,16.0,12.0,26.0,0.547,0.143,0.63
2021-22,1630177,1610612760,51,908.22,361.0,131.0,111.0,31.0,11.0,65.0,0.375,0.293,0.79
2021-22,1629033,1610612742,19,148.096666666667,48.0,21.0,17.0,5.0,2.0,5.0,0.359,0.333,1.0
2021-22,1628418,1610612764,27,439.113333333333,201.0,108.0,23.0,6.0,21.0,19.0,0.52,0.286,0.875
2021-22,204025,1610612739,12,207.598333333333,39.0,19.0,34.0,3.0,1.0,15.0,0.311,0.353,0.556
2021-22,203501,1610612742,42,1245.01,598.0,156.0,92.0,38.0,6.0,34.0,0.394,0.336,0.757
2021-22,1627789,1610612737,52,684.811666666667,227.0,82.0,40.0,18.0,6.0,20.0,0.398,0.361,0.854
2021-22,202699,1610612755,73,2543.155,1257.0,496.0,252.0,47.0,43.0,116.0,0.482,0.367,0.842
2021-22,203107,1610612764,55,905.988333333333,198.0,126.0,184.0,29.0,5.0,46.0,0.377,0.208,0.796
2021-22,1628396,1610612741,55,549.065,163.0,186.0,27.0,10.0,33.0,34.0,0.585,0.0,0.655
2021-22,203503,1610612740,53,822.488333333333,187.0,103.0,28.0,16.0,9.0,19.0,0.404,0.352,1.0
2021-22,1628470,1610612756,78,1595.82,516.0,310.0,91.0,46.0,36.0,67.0,0.454,0.329,0.75
2021-22,1629027,1610612737,76,2651.89166666667,2155.0,284.0,737.0,72.0,7.0,303.0,0.46,0.382,0.904
2021-22,1629309,1610612765,1,16.7733333333333,0.0,2.0,0.0,0.0,0.0,1.0,0.0,0.0,0.0
2021-22,1630200,1610612759,69,1148.125,413.0,155.0,233.0,42.0,7.0,46.0,0.49,0.196,0.78
2021-22,1630544,1610612760,60,1366.925,625.0,171.0,91.0,47.0,12.0,71.0,0.393,0.36,0.793
2021-22,1629682,1610612764,3,50.2783333333333,10.0,4.0,7.0,5.0,0.0,4.0,0.286,0.222,0.0
2021-22,1630570,1610612757,48,869.346666666667,364.0,199.0,81.0,25.0,28.0,44.0,0.532,0.237,0.755
2021-22,1630235,1610612762,60,765.518333333333,195.0,99.0,106.0,30.0,6.0,48.0,0.49,0.185,0.792
2021-22,1630243,1610612745,10,74.4383333333333,43.0,16.0,4.0,5.0,1.0,7.0,0.455,0.375,1.0
2021-22,1630286,1610612739,2,11.3666666666667,6.0,2.0,0.0,1.0,1.0,0.0,0.5,0.0,0.0
2021-22,2772,1610612747,24,462.303333333333,96.0,82.0,27.0,13.0,6.0,11.0,0.333,0.27,0.556
2021-22,203504,1610612742,42,441.195,214.0,33.0,57.0,12.0,0.0,26.0,0.391,0.317,0.87
2021-22,1626168,1610612758,75,1536.26666666667,786.0,379.0,88.0,29.0,32.0,73.0,0.466,0.321,0.802
2021-22,1630530,1610612740,62,863.595,334.0,147.0,38.0,23.0,7.0,16.0,0.394,0.382,0.882
2021-22,202684,1610612741,57,896.218333333333,344.0,288.0,34.0,23.0,21.0,45.0,0.528,0.333,0.526
2021-22,1628972,1610612741,66,1054.74,283.0,203.0,66.0,36.0,5.0,26.0,0.419,0.353,0.769
2021-22,1629660,1610612760,48,801.091666666667,340.0,78.0,109.0,30.0,5.0,37.0,0.378,0.29,0.809
2021-22,1629076,1610612741,20,199.616666666667,67.0,53.0,3.0,4.0,4.0,7.0,0.605,0.0,0.656
2021-22,1629788,1610612752,1,1.93333333333333,0.0,0.0,0.0,0.0,0.0,0.0,0.0,0.0,0.0
2021-22,1629639,1610612748,66,2151.01166666667,1367.0,329.0,263.0,44.0,8.0,174.0,0.447,0.399,0.868
2021-22,204020,1610612759,6,91.375,17.0,12.0,7.0,3.0,3.0,2.0,0.3,0.385,0.0
2021-22,1630179,1610612763,2,3.05,2.0,0.0,0.0,0.0,0.0,0.0,1.0,0.0,0.0
2021-22,1630169,1610612754,77,2694.13166666667,1181.0,311.0,628.0,134.0,49.0,199.0,0.473,0.414,0.842
2021-22,1630178,1610612755,75,2650.35666666667,1311.0,240.0,321.0,55.0,32.0,88.0,0.485,0.427,0.866
2021-22,1627820,1610612740,6,74.9216666666667,17.0,8.0,1.0,3.0,1.0,2.0,0.35,0.25,0.2
2021-22,1626145,1610612763,73,1549.43666666667,632.0,176.0,324.0,66.0,2.0,46.0,0.451,0.39,0.818
2021-22,1628962,1610612762,17,194.875,80.0,71.0,0.0,1.0,11.0,12.0,0.755,0.0,0.545
2021-22,2617,1610612748,13,83.2166666666667,32.0,25.0,4.0,1.0,1.0,5.0,0.452,0.25,1.0
2021-22,1630586,1610612745,24,239.16,48.0,83.0,17.0,10.0,11.0,6.0,0.432,0.25,0.714
2021-22,1630176,1610612764,7,44.1483333333333,20.0,12.0,0.0,2.0,1.0,3.0,0.538,0.0,0.462
2021-22,203506,1610612748,8,173.116666666667,99.0,23.0,28.0,5.0,1.0,16.0,0.479,0.417,0.737
2021-22,1628427,1610612743,15,176.326666666667,62.0,31.0,17.0,2.0,3.0,9.0,0.561,0.583,0.643
2021-22,1630249,1610612760,30,689.9,187.0,101.0,57.0,19.0,8.0,29.0,0.407,0.327,0.864
2021-22,201961,1610612747,43,810.226666666667,287.0,77.0,30.0,23.0,5.0,19.0,0.414,0.389,0.818
2021-22,1627782,1610612752,3,19.14,5.0,1.0,1.0,0.0,0.0,0.0,0.25,0.5,0.5
2021-22,1628976,1610612753,62,1851.57,931.0,648.0,171.0,36.0,43.0,117.0,0.525,0.327,0.691
2021-22,1629117,1610612747,26,358.793333333333,141.0,97.0,14.0,5.0,11.0,16.0,0.491,0.286,0.595
2021-22,1628411,1610612737,3,82.2166666666667,22.0,13.0,0.0,1.0,0.0,1.0,0.444,0.6,0.75
2021-22,202083,1610612749,49,1002.17,249.0,92.0,36.0,23.0,8.0,18.0,0.395,0.338,0.786
2021-22,203115,1610612743,71,2276.46333333333,1043.0,340.0,276.0,55.0,31.0,127.0,0.438,0.365,0.803
2021-22,1626161,1610612755,20,182.816666666667,34.0,40.0,10.0,6.0,3.0,7.0,0.457,0.5,0.5
2021-22,1626195,1610612740,50,838.958333333333,453.0,338.0,63.0,21.0,19.0,51.0,0.52,0.333,0.773
2021-22,1629875,1610612746,10,137.368333333333,58.0,14.0,24.0,7.0,3.0,6.0,0.49,0.357,0.6
2021-22,1630270,1610612762,9,38.7166666666667,5.0,6.0,1.0,0.0,0.0,0.0,0.2,0.125,0.0
2021-22,1630214,1610612763,53,700.55,252.0,161.0,62.0,49.0,15.0,34.0,0.454,0.204,0.648
2021-22,1629139,1610612761,38,445.461666666667,163.0,92.0,21.0,11.0,16.0,19.0,0.406,0.342,0.6
2021-22,1630582,1610612763,12,70.975,13.0,12.0,1.0,1.0,4.0,1.0,0.313,0.333,0.0
2021-22,1628380,1610612759,28,502.04,218.0,153.0,61.0,13.0,23.0,45.0,0.49,0.341,0.8
2021-22,203897,1610612741,67,2328.07833333333,1635.0,308.0,303.0,41.0,23.0,171.0,0.476,0.389,0.853
2021-22,1630285,1610612760,4,174.083333333333,44.0,21.0,30.0,5.0,4.0,10.0,0.365,0.125,1.0
2021-22,1630192,1610612743,41,697.608333333333,270.0,147.0,17.0,16.0,13.0,23.0,0.516,0.463,0.631
2021-22,1630533,1610612763,62,1346.46666666667,501.0,129.0,65.0,35.0,12.0,41.0,0.45,0.314,0.782
2021-22,1629597,1610612762,1,5.18333333333333,0.0,0.0,0.0,0.0,0.0,0.0,0.0,0.0,0.0
2022-23,1630639,1610612742,15,108.268333333333,56.0,21.0,2.0,2.0,0.0,3.0,0.5,0.4,0.25
2022-23,1631260,1610612749,35,344.95,154.0,45.0,22.0,6.0,0.0,9.0,0.424,0.419,1.0
2022-23,1631100,1610612737,72,1401.435,639.0,153.0,73.0,42.0,12.0,42.0,0.465,0.39,0.894
2022-23,203932,1610612743,68,2055.10666666667,1109.0,446.0,203.0,54.0,51.0,98.0,0.564,0.347,0.608
2022-23,1628988,1610612737,63,845.256666666667,247.0,74.0,89.0,37.0,12.0,36.0,0.418,0.409,0.844
2022-23,1630174,1610612754,73,1816.40333333333,738.0,277.0,98.0,55.0,34.0,75.0,0.427,0.366,0.838
2022-23,1630598,1610612760,70,1297.43666666667,479.0,211.0,80.0,39.0,15.0,56.0,0.512,0.393,0.831
2022-23,1629678,1610612753,37,451.261666666667,155.0,62.0,31.0,8.0,5.0,16.0,0.451,0.324,0.913
2022-23,201143,1610612738,63,1921.375,616.0,390.0,189.0,30.0,61.0,37.0,0.476,0.446,0.714
2022-23,202692,1610612765,51,1122.44333333333,652.0,158.0,114.0,38.0,8.0,58.0,0.436,0.414,0.814
2022-23,1630197,1610612760,34,701.348333333333,276.0,159.0,64.0,20.0,43.0,43.0,0.434,0.365,0.629
2022-23,1627936,1610612741,67,1575.37666666667,374.0,196.0,193.0,98.0,46.0,77.0,0.455,0.364,0.808
2022-23,203458,1610612758,26,161.246666666667,43.0,60.0,12.0,4.0,11.0,16.0,0.533,0.0,0.688
2022-23,1628993,1610612759,4,29.5166666666667,7.0,10.0,1.0,1.0,0.0,4.0,0.5,0.0,0.5
2022-23,1631214,1610612751,1,5.26666666666667,0.0,1.0,0.0,0.0,0.0,2.0,0.0,0.0,0.0
2022-23,1630578,1610612745,75,2170.65666666667,1109.0,678.0,291.0,70.0,70.0,193.0,0.553,0.333,0.715
2022-23,1629599,1610612746,50,625.276666666667,172.0,53.0,53.0,7.0,5.0,21.0,0.386,0.275,0.778
2022-23,203083,1610612741,67,849.138333333333,399.0,444.0,33.0,45.0,27.0,75.0,0.606,0.0,0.536
2022-23,2738,1610612744,8,112.563333333333,17.0,17.0,19.0,4.0,3.0,9.0,0.467,0.111,0.667
2022-23,1629614,1610612754,75,2073.53166666667,709.0,199.0,341.0,70.0,13.0,126.0,0.441,0.35,0.79
2022-23,203952,1610612744,37,1190.28,633.0,186.0,85.0,45.0,28.0,48.0,0.473,0.396,0.611
2022-23,1629014,1610612757,62,2170.66,1306.0,161.0,253.0,42.0,14.0,128.0,0.447,0.377,0.894
2022-23,203076,1610612747,56,1904.51,1451.0,702.0,148.0,59.0,114.0,122.0,0.563,0.257,0.784
2022-23,1630162,1610612750,79,2841.455,1946.0,458.0,350.0,125.0,58.0,259.0,0.459,0.369,0.756
2022-23,1630264,1610612764,59,624.593333333333,195.0,99.0,34.0,7.0,12.0,15.0,0.538,0.138,0.731
2022-23,1630237,1610612744,62,1195.01833333333,415.0,215.0,96.0,28.0,20.0,54.0,0.471,0.367,0.767
2022-23,1630559,1610612747,64,1843.22666666667,833.0,193.0,215.0,33.0,19.0,99.0,0.529,0.398,0.864
2022-23,203085,1610612750,52,1016.33,255.0,83.0,75.0,28.0,4.0,23.0,0.435,0.35,0.769
2022-23,1630245,1610612741,80,2097.61666666667,687.0,220.0,206.0,62.0,26.0,99.0,0.493,0.312,0.805
2022-23,1628389,1610612748,75,2597.99333333333,1529.0,688.0,240.0,88.0,61.0,187.0,0.54,0.083,0.806
2022-23,1627732,1610612751,42,1105.01666666667,291.0,263.0,256.0,54.0,24.0,97.0,0.566,0.0,0.439
2022-23,1631097,1610612754,78,2222.38,1302.0,318.0,116.0,48.0,13.0,152.0,0.434,0.323,0.828
2022-23,202687,1610612756,61,874.085,263.0,260.0,56.0,18.0,88.0,51.0,0.578,0.0,0.357
2022-23,201933,1610612738,41,568.885,170.0,155.0,61.0,14.0,9.0,22.0,0.485,0.348,0.656
2022-23,1631104,1610612759,37,669.055,184.0,82.0,98.0,25.0,5.0,65.0,0.321,0.385,0.591
2022-23,1626246,1610612745,31,171.065,102.0,60.0,9.0,5.0,2.0,14.0,0.683,0.0,0.741
2022-23,1626171,1610612749,70,1818.43166666667,987.0,672.0,105.0,29.0,16.0,81.0,0.496,0.37,0.768
2022-23,203992,1610612737,54,1508.60833333333,756.0,165.0,150.0,43.0,18.0,65.0,0.447,0.406,0.831
2022-23,202711,1610612765,59,1892.86666666667,1273.0,223.0,152.0,34.0,8.0,135.0,0.488,0.411,0.884
2022-23,1629626,1610612753,70,1505.41833333333,634.0,405.0,69.0,30.0,85.0,112.0,0.546,0.265,0.759
2022-23,1630538,1610612746,56,1085.48833333333,659.0,135.0,172.0,39.0,15.0,82.0,0.399,0.371,0.843
2022-23,203078,1610612764,50,1672.93333333333,1160.0,196.0,271.0,45.0,33.0,145.0,0.506,0.365,0.842
2022-23,1630527,1610612746,22,248.345,143.0,30.0,20.0,9.0,0.0,12.0,0.418,0.414,0.763
2022-23,1629634,1610612763,56,1090.13833333333,559.0,310.0,72.0,34.0,37.0,55.0,0.656,0.167,0.719
2022-23,1627742,1610612740,45,1538.07666666667,1112.0,246.0,262.0,32.0,19.0,148.0,0.484,0.39,0.882
2022-23,1630296,1610612765,3,9.1,4.0,1.0,0.0,0.0,0.0,0.0,1.0,0.0,1.0
2022-23,201572,1610612749,78,2372.47666666667,1239.0,520.0,99.0,37.0,193.0,107.0,0.531,0.374,0.784
2022-23,1628971,1610612743,80,2279.485,923.0,328.0,268.0,87.0,51.0,123.0,0.483,0.358,0.758
2022-23,1628981,1610612737,39,405.121666666667,153.0,137.0,31.0,6.0,34.0,25.0,0.527,0.0,0.7
2022-23,1631121,1610612766,46,786.996666666667,246.0,93.0,54.0,15.0,6.0,43.0,0.396,0.325,0.75
2022-23,1627854,1610612750,25,267.72,89.0,15.0,17.0,7.0,2.0,12.0,0.361,0.304,1.0
2022-23,1631205,1610612765,10,90.1433333333333,16.0,6.0,4.0,2.0,0.0,0.0,0.185,0.16,1.0
2022-23,1627741,1610612754,80,2481.875,1344.0,400.0,225.0,92.0,26.0,139.0,0.458,0.425,0.822
2022-23,203468,1610612740,75,2649.16833333333,1568.0,328.0,429.0,70.0,38.0,183.0,0.437,0.389,0.769
2022-23,1630595,1610612765,12,400.183333333333,239.0,74.0,72.0,10.0,7.0,39.0,0.415,0.279,0.837
2022-23,1631216,1610612753,51,812.19,193.0,99.0,30.0,12.0,7.0,18.0,0.363,0.338,0.833
2022-23,1628997,1610612748,71,2077.73833333333,683.0,344.0,117.0,71.0,31.0,79.0,0.464,0.356,0.805
2022-23,1629629,1610612757,40,989.606666666667,387.0,88.0,57.0,39.0,14.0,47.0,0.446,0.313,0.853
2022-23,1630560,1610612751,57,947.553333333333,604.0,95.0,78.0,20.0,7.0,63.0,0.441,0.383,0.868
2022-23,1629661,1610612751,42,1199.815,650.0,185.0,78.0,50.0,14.0,37.0,0.47,0.404,0.842
2022-23,1626166,1610612756,48,968.311666666667,493.0,106.0,214.0,33.0,8.0,81.0,0.415,0.368,0.766
2022-23,1627747,1610612739,74,2237.34,897.0,282.0,287.0,72.0,24.0,116.0,0.431,0.392,0.722
2022-23,1630637,1610612741,7,55.97,20.0,5.0,6.0,2.0,0.0,2.0,0.4,0.5,0.625
2022-23,1626224,1610612739,77,1548.31333333333,669.0,176.0,115.0,35.0,11.0,52.0,0.451,0.372,0.694
2022-23,1628435,1610612757,1,20.7833333333333,7.0,3.0,0.0,0.0,1.0,0.0,0.6,0.0,0.25
2022-23,1629646,1610612759,35,507.871666666667,199.0,193.0,48.0,16.0,33.0,41.0,0.644,0.375,0.595
2022-23,1631320,1610612758,2,7.93166666666667,2.0,2.0,1.0,0.0,0.0,2.0,0.5,0.0,0.0
2022-23,1629002,1610612758,66,689.016666666667,321.0,198.0,40.0,22.0,21.0,32.0,0.589,0.237,0.74
2022-23,1628449,1610612761,76,1523.47,712.0,421.0,29.0,47.0,64.0,41.0,0.493,0.328,0.762
2022-23,1630537,1610612754,46,897.226666666667,362.0,115.0,64.0,25.0,9.0,41.0,0.369,0.316,0.847
2022-23,101108,1610612756,59,1888.635,819.0,251.0,524.0,91.0,22.0,114.0,0.44,0.375,0.831
2022-23,1629735,1610612737,1,3.01666666666667,2.0,0.0,0.0,0.0,0.0,1.0,1.0,0.0,0.0
2022-23,1631128,1610612743,76,1181.14,360.0,181.0,59.0,41.0,17.0,35.0,0.495,0.354,0.625
2022-23,1631132,1610612761,58,801.793333333333,182.0,171.0,31.0,21.0,57.0,20.0,0.48,0.083,0.627
2022-23,1626174,1610612742,67,1738.35833333333,1114.0,491.0,121.0,30.0,72.0,121.0,0.515,0.376,0.772
2022-23,1629643,1610612753,27,517.986666666667,128.0,96.0,37.0,19.0,11.0,17.0,0.352,0.302,0.762
2022-23,203991,1610612737,65,1730.08333333333,779.0,717.0,58.0,45.0,79.0,54.0,0.653,0.0,0.603
2022-23,1629632,1610612741,74,1730.22833333333,715.0,212.0,204.0,54.0,6.0,74.0,0.443,0.372,0.871
2022-23,1628998,1610612766,7,133.711666666667,35.0,24.0,11.0,4.0,1.0,2.0,0.389,0.214,0.571
2022-23,203469,1610612748,15,216.611666666667,98.0,64.0,10.0,3.0,4.0,14.0,0.627,0.0,0.686
2022-23,1630175,1610612753,60,1551.76,781.0,288.0,235.0,37.0,31.0,91.0,0.454,0.364,0.894
2022-23,1631306,1610612747,7,41.1383333333333,9.0,7.0,4.0,0.0,0.0,0.0,0.333,0.375,0.0
2022-23,1629012,1610612762,48,1145.15333333333,685.0,105.0,138.0,27.0,6.0,85.0,0.506,0.393,0.819
2022-23,1630557,1610612764,74,2093.29,820.0,207.0,87.0,32.0,9.0,55.0,0.497,0.424,0.852
2022-23,202709,1610612765,62,1227.43333333333,427.0,106.0,217.0,34.0,9.0,56.0,0.427,0.389,0.792
2022-23,1626156,1610612747,71,2304.09666666667,1263.0,215.0,437.0,70.0,29.0,186.0,0.469,0.396,0.829
2022-23,1630227,1610612745,57,914.383333333333,226.0,98.0,132.0,31.0,7.0,86.0,0.342,0.286,0.667
2022-23,1630625,1610612761,31,278.543333333333,142.0,45.0,36.0,13.0,13.0,18.0,0.423,0.294,0.708
2022-23,1631207,1610612741,38,213.945,85.0,37.0,22.0,11.0,5.0,8.0,0.444,0.259,0.667
2022-23,1627745,1610612762,41,477.391666666667,142.0,122.0,15.0,8.0,21.0,23.0,0.64,0.588,0.759
2022-23,203081,1610612757,58,2106.59,1866.0,277.0,425.0,50.0,18.0,191.0,0.463,0.371,0.914
2022-23,1627814,1610612756,74,1506.295,604.0,225.0,99.0,30.0,7.0,78.0,0.442,0.445,0.904
2022-23,1629655,1610612764,78,1604.22,705.0,433.0,84.0,33.0,99.0,85.0,0.732,0.0,0.679
2022-23,1628464,1610612754,7,108.836666666667,49.0,22.0,9.0,2.0,6.0,3.0,0.477,0.182,0.417
2022-23,201980,1610612739,11,138.718333333333,61.0,14.0,6.0,6.0,3.0,10.0,0.449,0.432,1.0
2022-23,1627863,1610612755,56,807.025,268.0,94.0,44.0,14.0,9.0,26.0,0.472,0.336,0.75
2022-23,203967,1610612760,57,805.953333333333,362.0,207.0,74.0,20.0,7.0,55.0,0.458,0.391,0.829
2022-23,1629647,1610612756,43,616.161666666667,224.0,138.0,38.0,22.0,34.0,27.0,0.454,0.377,0.543
2022-23,1630620,1610612745,4,24.9833333333333,15.0,6.0,1.0,0.0,1.0,0.0,0.417,0.3,1.0
2022-23,1629636,1610612739,69,2447.15,1490.0,185.0,538.0,85.0,9.0,199.0,0.462,0.41,0.863
2022-23,1630561,1610612751,23,228.023333333333,85.0,29.0,21.0,10.0,1.0,18.0,0.462,0.083,0.706
2022-23,1631223,1610612763,70,1258.50166666667,466.0,193.0,59.0,29.0,19.0,57.0,0.429,0.307,0.631
2022-23,1630558,1610612758,80,1447.03,450.0,105.0,185.0,44.0,15.0,62.0,0.454,0.32,0.806
2022-23,202722,1610612742,45,491.816666666667,206.0,53.0,21.0,11.0,8.0,10.0,0.431,0.39,0.867
2022-23,1628432,1610612743,43,342.548333333333,89.0,59.0,23.0,15.0,4.0,20.0,0.333,0.37,0.667
2022-23,1630549,1610612751,48,552.486666666667,227.0,200.0,37.0,15.0,32.0,42.0,0.544,0.545,0.636
2022-23,1628368,1610612758,73,2435.24166666667,1826.0,306.0,447.0,83.0,23.0,181.0,0.512,0.324,0.78
2022-23,1629631,1610612737,67,2125.63,1029.0,284.0,94.0,35.0,17.0,82.0,0.461,0.35,0.826
2022-23,1629001,1610612755,77,2149.82666666667,780.0,312.0,197.0,126.0,41.0,102.0,0.425,0.39,0.793
2022-23,201599,1610612743,39,585.855,199.0,202.0,34.0,12.0,23.0,48.0,0.765,1.0,0.458
2022-23,201942,1610612741,74,2681.61,1816.0,343.0,377.0,83.0,36.0,153.0,0.504,0.324,0.872
2022-23,1629731,1610612739,44,891.563333333333,206.0,150.0,37.0,28.0,21.0,17.0,0.412,0.354,0.652
2022-23,1629028,1610612756,67,2035.33666666667,1203.0,667.0,115.0,37.0,53.0,120.0,0.589,0.292,0.76
2022-23,1627749,1610612737,74,2693.395,1515.0,389.0,448.0,112.0,19.0,160.0,0.464,0.344,0.832
2022-23,1626153,1610612764,50,1221.17166666667,369.0,180.0,194.0,92.0,17.0,44.0,0.474,0.345,0.867
2022-23,1630166,1610612764,76,2020.38,697.0,487.0,211.0,65.0,29.0,123.0,0.437,0.297,0.739
2022-23,203471,1610612747,66,1985.945,830.0,165.0,298.0,50.0,10.0,112.0,0.415,0.329,0.857
2022-23,1628372,1610612766,54,1389.84333333333,474.0,167.0,261.0,75.0,25.0,82.0,0.412,0.216,0.736
2022-23,1629126,1610612758,2,6.49833333333333,0.0,0.0,0.0,0.0,0.0,0.0,0.0,0.0,0.0
2022-23,1631220,1610612740,5,11.6,4.0,1.0,0.0,0.0,0.0,0.0,0.4,0.0,0.0
2022-23,1627884,1610612741,64,893.408333333333,319.0,153.0,34.0,29.0,37.0,25.0,0.5,0.338,0.738
2022-23,201565,1610612752,27,337.865,152.0,40.0,46.0,7.0,5.0,22.0,0.384,0.302,0.917
2022-23,1628401,1610612738,82,2319.32833333333,1017.0,293.0,321.0,54.0,76.0,95.0,0.462,0.381,0.875
2022-23,1630217,1610612763,58,1841.45333333333,1247.0,291.0,254.0,56.0,22.0,126.0,0.479,0.408,0.883
2022-23,1626164,1610612756,53,1835.41333333333,1471.0,240.0,293.0,51.0,18.0,145.0,0.494,0.351,0.855
2022-23,1630170,1610612759,38,1178.07833333333,703.0,148.0,136.0,43.0,17.0,57.0,0.439,0.387,0.78
2022-23,1629653,1610612764,6,53.1,3.0,10.0,8.0,5.0,0.0,3.0,0.1,0.25,0.0
2022-23,1628984,1610612759,73,1338.445,539.0,122.0,196.0,45.0,16.0,53.0,0.374,0.352,0.748
2022-23,203473,1610612755,38,426.21,199.0,134.0,26.0,9.0,19.0,25.0,0.51,0.308,0.673
2022-23,1628415,1610612763,73,2214.26333333333,1047.0,244.0,189.0,65.0,16.0,104.0,0.396,0.326,0.779
2022-23,1627734,1610612758,79,2735.555,1510.0,973.0,573.0,65.0,39.0,230.0,0.615,0.373,0.742
2022-23,1631230,1610612759,28,407.565,110.0,102.0,24.0,10.0,19.0,15.0,0.535,0.0,0.72
2022-23,1628378,1610612739,68,2432.38,1922.0,289.0,301.0,99.0,27.0,180.0,0.484,0.386,0.867
2022-23,1631495,1610612737,2,4.25,4.0,2.0,0.0,0.0,0.0,0.0,0.4,0.0,0.0
2022-23,1628978,1610612744,72,1894.38,678.0,325.0,252.0,97.0,10.0,112.0,0.435,0.397,0.817
2022-23,1627827,1610612751,66,2008.825,551.0,316.0,100.0,55.0,36.0,62.0,0.391,0.337,0.763
2022-23,203926,1610612759,64,1314.20166666667,654.0,138.0,91.0,13.0,6.0,58.0,0.457,0.413,0.757
2022-23,203110,1610612744,73,2297.635,617.0,525.0,500.0,74.0,61.0,204.0,0.527,0.305,0.713
2022-23,1629234,1610612757,78,1583.67666666667,518.0,418.0,103.0,40.0,102.0,67.0,0.641,0.389,0.664
2022-23,1630696,1610612751,15,158.426666666667,44.0,24.0,22.0,10.0,4.0,3.0,0.4,0.263,1.0
2022-23,1630613,1610612752,31,393.826666666667,244.0,36.0,63.0,6.0,4.0,34.0,0.367,0.36,0.667
2022-23,1629130,1610612748,42,690.46,268.0,69.0,46.0,14.0,0.0,28.0,0.371,0.328,0.906
2022-23,203939,1610612742,76,1457.935,506.0,314.0,69.0,48.0,26.0,65.0,0.732,0.0,0.667
2022-23,1629685,1610612739,3,10.3833333333333,5.0,0.0,1.0,1.0,0.0,1.0,0.667,0.5,0.0
2022-23,1630700,1610612740,59,1042.125,227.0,188.0,134.0,43.0,11.0,57.0,0.418,0.314,0.65
2022-23,1628410,1610612751,53,736.156666666667,378.0,79.0,68.0,31.0,10.0,50.0,0.461,0.356,0.917
2022-23,201569,1610612746,69,1965.50833333333,856.0,134.0,183.0,43.0,25.0,104.0,0.446,0.371,0.821
2022-23,1630647,1610612765,40,645.323333333333,278.0,111.0,28.0,28.0,3.0,34.0,0.443,0.281,0.68
2022-23,203095,1610612752,27,458.693333333333,165.0,49.0,36.0,16.0,3.0,22.0,0.337,0.307,0.857
2022-23,1630596,1610612739,79,2715.26166666667,1277.0,711.0,224.0,60.0,119.0,146.0,0.554,0.216,0.674
2022-23,1630267,1610612742,8,52.1616666666667,10.0,2.0,9.0,6.0,0.0,3.0,0.231,0.273,0.5
2022-23,1628402,1610612756,1,5.05,0.0,2.0,1.0,0.0,0.0,0.0,0.0,0.0,0.0
2022-23,1626163,1610612745,36,234.863333333333,89.0,52.0,32.0,6.0,4.0,9.0,0.492,0.394,0.875
2022-23,1628373,1610612742,47,607.591666666667,135.0,62.0,58.0,16.0,7.0,29.0,0.364,0.254,0.667
2022-23,1630532,1610612753,80,2608.72666666667,1485.0,329.0,283.0,77.0,17.0,167.0,0.485,0.361,0.842
2022-23,1627832,1610612761,69,2534.98666666667,1335.0,280.0,495.0,123.0,38.0,140.0,0.393,0.342,0.898
2022-23,1627788,1610612755,37,353.49,140.0,42.0,22.0,10.0,3.0,24.0,0.432,0.391,0.722
2022-23,1629216,1610612748,68,1758.67666666667,641.0,145.0,167.0,62.0,5.0,92.0,0.402,0.334,0.872
2022-23,1628221,1610612754,3,55.8316666666667,24.0,6.0,5.0,2.0,0.0,0.0,0.381,0.333,1.0
2022-23,202066,1610612740,25,161.823333333333,50.0,17.0,13.0,9.0,2.0,4.0,0.4,0.423,0.75
2022-23,1629726,1610612737,54,686.258333333333,257.0,73.0,26.0,24.0,5.0,19.0,0.363,0.35,0.906
2022-23,203914,1610612753,48,1184.35166666667,397.0,98.0,59.0,45.0,12.0,28.0,0.45,0.431,0.9
2022-23,1627780,1610612744,22,367.605,101.0,69.0,30.0,22.0,5.0,16.0,0.594,0.5,0.857
2022-23,1629018,1610612761,66,2117.99333333333,1148.0,173.0,106.0,104.0,14.0,55.0,0.433,0.369,0.839
2022-23,201588,1610612754,46,833.31,232.0,85.0,110.0,26.0,6.0,34.0,0.47,0.358,0.764
2022-23,1627777,1610612755,78,1511.84833333333,637.0,185.0,77.0,31.0,14.0,54.0,0.442,0.401,0.867
2022-23,203507,1610612749,63,2023.615,1959.0,742.0,359.0,52.0,51.0,246.0,0.553,0.275,0.645
2022-23,1629048,1610612753,38,456.801666666667,167.0,137.0,39.0,16.0,26.0,22.0,0.552,0.231,0.548
2022-23,201609,1610612749,58,870.015,365.0,81.0,151.0,13.0,4.0,63.0,0.421,0.359,0.689
2022-23,202330,1610612766,50,1576.90166666667,733.0,215.0,206.0,42.0,12.0,99.0,0.475,0.325,0.811
2022-23,203476,1610612759,31,358.113333333333,121.0,107.0,53.0,4.0,14.0,32.0,0.385,0.28,0.769
2022-23,1629684,1610612738,79,2044.76166666667,641.0,363.0,131.0,41.0,31.0,82.0,0.454,0.395,0.77
2022-23,1628960,1610612749,72,1972.13666666667,750.0,237.0,163.0,62.0,14.0,72.0,0.44,0.399,0.905
2022-23,1630535,1610612757,16,93.0916666666667,28.0,19.0,3.0,4.0,5.0,6.0,0.393,0.143,0.417
2022-23,1628977,1610612765,56,995.865,522.0,194.0,55.0,53.0,16.0,71.0,0.573,0.238,0.588
2022-23,203084,1610612758,82,2662.03833333333,1230.0,366.0,128.0,57.0,10.0,86.0,0.473,0.374,0.847
2022-23,1629312,1610612748,54,969.4,236.0,188.0,43.0,36.0,17.0,45.0,0.431,0.339,0.464
2022-23,1630529,1610612740,66,1950.53,649.0,269.0,162.0,103.0,42.0,88.0,0.469,0.335,0.764
2022-23,1630193,1610612752,81,2344.105,1209.0,337.0,279.0,80.0,14.0,100.0,0.448,0.37,0.819
2022-23,1630171,1610612739,76,1652.56666666667,490.0,187.0,87.0,56.0,30.0,42.0,0.494,0.363,0.757
2022-23,1628392,1610612752,82,1628.21666666667,406.0,536.0,102.0,53.0,64.0,66.0,0.535,0.216,0.676
2022-23,1630543,1610612754,63,1042.29333333333,455.0,282.0,51.0,31.0,93.0,51.0,0.563,0.143,0.651
2022-23,1630198,1610612760,73,1395.34666666667,691.0,175.0,88.0,48.0,8.0,39.0,0.441,0.409,0.82
2022-23,1630587,1610612765,52,1198.73666666667,346.0,143.0,41.0,28.0,28.0,30.0,0.417,0.365,0.821
2022-23,1630600,1610612739,12,84.24,31.0,20.0,3.0,4.0,3.0,1.0,0.429,0.375,1.0
2022-23,1629676,1610612752,42,473.628333333333,172.0,108.0,38.0,18.0,7.0,31.0,0.432,0.3,0.488
2022-23,1630191,1610612765,50,1414.05833333333,567.0,403.0,70.0,20.0,34.0,68.0,0.442,0.327,0.738
2022-23,1630225,1610612764,6,61.4,9.0,12.0,4.0,1.0,0.0,2.0,0.158,0.1,1.0
2022-23,202397,1610612743,43,397.908333333333,108.0,54.0,100.0,8.0,7.0,44.0,0.397,0.167,0.5
2022-23,1630688,1610612756,60,915.126666666667,251.0,139.0,53.0,38.0,22.0,22.0,0.37,0.329,0.839
2022-23,1627826,1610612746,76,2169.41,818.0,756.0,77.0,29.0,98.0,117.0,0.634,0.0,0.697
2022-23,1631120,1610612738,12,65.7066666666667,19.0,9.0,11.0,2.0,2.0,4.0,0.421,0.286,0.5
2022-23,1630550,1610612766,69,968.775,262.0,152.0,36.0,22.0,23.0,44.0,0.399,0.317,0.702
2022-23,1629630,1610612763,61,1948.34833333333,1596.0,357.0,493.0,66.0,16.0,206.0,0.466,0.307,0.748
2022-23,203210,1610612744,57,796.7,366.0,205.0,51.0,25.0,23.0,52.0,0.54,0.378,0.776
2022-23,201580,1610612742,42,354.54,186.0,107.0,11.0,4.0,26.0,36.0,0.64,0.4,0.585
2022-23,1631095,1610612745,79,2450.54666666667,1010.0,569.0,101.0,43.0,74.0,104.0,0.408,0.307,0.786
2022-23,1631133,1610612757,56,619.163333333333,216.0,131.0,34.0,10.0,13.0,29.0,0.419,0.286,0.756
2022-23,1631298,1610612743,17,66.0333333333333,21.0,17.0,4.0,3.0,2.0,2.0,0.421,0.333,0.667
2022-23,1631367,1610612763,1,40.7833333333333,3.0,4.0,7.0,3.0,0.0,2.0,0.333,0.333,0.0
2022-23,1630702,1610612742,48,708.39,420.0,89.0,65.0,17.0,7.0,46.0,0.438,0.404,0.823
2022-23,1631093,1610612765,74,2304.31666666667,1204.0,288.0,387.0,61.0,17.0,237.0,0.416,0.343,0.747
2022-23,1630183,1610612750,79,2416.48833333333,953.0,307.0,148.0,74.0,76.0,112.0,0.517,0.398,0.736
2022-23,1630531,1610612755,16,89.2666666666667,42.0,14.0,8.0,7.0,3.0,3.0,0.486,0.4,0.75
2022-23,203109,1610612749,18,339.708333333333,124.0,69.0,27.0,12.0,6.0,7.0,0.479,0.436,0.833
2022-23,1630256,1610612745,31,677.488333333333,283.0,118.0,84.0,21.0,7.0,47.0,0.48,0.283,0.725
2022-23,1631222,1610612763,35,414.286666666667,105.0,63.0,21.0,12.0,4.0,18.0,0.389,0.338,0.778
2022-23,1627751,1610612761,72,1906.125,897.0,653.0,197.0,66.0,86.0,125.0,0.629,0.0,0.592
2022-23,1628973,1610612752,68,2378.67166666667,1633.0,241.0,421.0,61.0,15.0,142.0,0.491,0.416,0.829
2022-23,1631105,1610612765,67,1670.145,612.0,595.0,75.0,44.0,59.0,92.0,0.648,0.0,0.611
2022-23,1630224,1610612745,76,2602.155,1683.0,284.0,281.0,59.0,18.0,200.0,0.416,0.338,0.786
2022-23,1630552,1610612737,70,1041.60166666667,395.0,282.0,83.0,38.0,34.0,41.0,0.491,0.288,0.628
2022-23,1629667,1610612755,80,1912.85333333333,755.0,346.0,130.0,83.0,34.0,93.0,0.455,0.332,0.841
2022-23,1630188,1610612754,68,1278.825,642.0,394.0,66.0,21.0,60.0,72.0,0.476,0.283,0.759
2022-23,1630591,1610612753,53,1245.865,524.0,161.0,155.0,67.0,27.0,94.0,0.419,0.327,0.723
2022-23,1631114,1610612760,75,2275.59166666667,1056.0,337.0,248.0,103.0,35.0,123.0,0.521,0.356,0.812
2022-23,1631288,1610612748,18,240.046666666667,98.0,52.0,12.0,11.0,1.0,6.0,0.561,0.35,0.773
2022-23,1627750,1610612743,65,2133.385,1298.0,257.0,400.0,66.0,16.0,145.0,0.454,0.398,0.833
2022-23,1631123,1610612748,5,70.5383333333333,15.0,6.0,4.0,4.0,2.0,4.0,0.429,0.333,0.5
2022-23,1630547,1610612766,34,515.466666666667,191.0,72.0,41.0,14.0,5.0,32.0,0.358,0.303,0.667
2022-23,201935,1610612755,58,2135.005,1216.0,354.0,618.0,71.0,31.0,195.0,0.441,0.385,0.867
2022-23,201949,1610612754,18,162.358333333333,51.0,30.0,15.0,7.0,6.0,8.0,0.449,0.2,0.5
2022-23,1630164,1610612765,45,867.186666666667,450.0,267.0,30.0,7.0,27.0,51.0,0.558,0.2,0.701
2022-23,1630215,1610612760,6,76.5283333333333,37.0,4.0,8.0,5.0,0.0,5.0,0.469,0.5,0.0
2022-23,1631197,1610612765,14,197.87,45.0,37.0,4.0,4.0,1.0,3.0,0.386,0.25,1.0
2022-23,1628991,1610612763,63,1787.50333333333,1173.0,426.0,60.0,65.0,189.0,107.0,0.506,0.355,0.788
2022-23,1629020,1610612747,78,1879.74166666667,619.0,582.0,184.0,83.0,21.0,97.0,0.548,0.322,0.691
2022-23,1629714,1610612762,4,38.95,22.0,6.0,3.0,0.0,2.0,2.0,0.571,0.444,1.0
2022-23,1628386,1610612739,68,2220.11166666667,969.0,666.0,113.0,54.0,84.0,93.0,0.644,0.1,0.733
2022-23,1629633,1610612737,10,136.875,44.0,38.0,6.0,6.0,2.0,7.0,0.395,0.083,0.692
2022-23,1630554,1610612746,14,123.768333333333,41.0,22.0,27.0,2.0,0.0,10.0,0.439,0.278,0.0
2022-23,1629750,1610612741,32,480.256666666667,165.0,88.0,23.0,24.0,21.0,20.0,0.565,0.371,0.667
2022-23,1629637,1610612740,47,610.056666666667,233.0,132.0,34.0,20.0,19.0,31.0,0.551,0.103,0.699
2022-23,1630643,1610612764,7,94.9333333333333,51.0,21.0,10.0,3.0,4.0,5.0,0.6,0.5,0.938
2022-23,1630206,1610612753,2,30.1166666666667,13.0,6.0,1.0,2.0,0.0,3.0,0.714,1.0,0.5
2022-23,1627759,1610612738,67,2404.91833333333,1784.0,459.0,232.0,75.0,26.0,197.0,0.491,0.335,0.765
2022-23,1629669,1610612750,65,1251.695,704.0,170.0,132.0,42.0,5.0,65.0,0.448,0.289,0.778
2022-23,1631119,1610612760,49,914.158333333333,288.0,241.0,76.0,28.0,12.0,37.0,0.436,0.407,0.704
2022-23,1628369,1610612738,74,2732.19666666667,2225.0,649.0,342.0,78.0,51.0,213.0,0.466,0.35,0.854
2022-23,1630288,1610612761,25,258.701666666667,61.0,23.0,31.0,9.0,3.0,5.0,0.439,0.313,0.667
2022-23,201145,1610612743,56,1091.11666666667,437.0,144.0,69.0,18.0,17.0,46.0,0.488,0.288,0.744
2022-23,203924,1610612757,63,2245.525,1290.0,283.0,150.0,51.0,53.0,116.0,0.475,0.401,0.813
2022-23,1630526,1610612760,43,813.708333333333,292.0,180.0,43.0,24.0,11.0,19.0,0.444,0.333,0.833
2022-23,1631110,1610612759,56,1457.7,614.0,295.0,142.0,43.0,23.0,97.0,0.453,0.246,0.698
2022-23,1630579,1610612752,52,812.403333333333,178.0,242.0,25.0,15.0,28.0,27.0,0.776,0.0,0.75
2022-23,1628975,1610612749,81,1811.75166666667,651.0,202.0,197.0,66.0,29.0,78.0,0.423,0.421,0.816
2022-23,202710,1610612748,64,2138.015,1466.0,375.0,340.0,117.0,21.0,101.0,0.539,0.35,0.85
2022-23,1629111,1610612756,69,978.496666666667,456.0,280.0,68.0,16.0,30.0,59.0,0.528,0.25,0.752
2022-23,203925,1610612751,74,1527.175,562.0,164.0,101.0,34.0,13.0,41.0,0.457,0.426,0.643
2022-23,204060,1610612749,46,1043.49833333333,317.0,128.0,150.0,33.0,6.0,55.0,0.435,0.409,0.857
2022-23,1630580,1610612761,9,49.655,9.0,4.0,3.0,0.0,0.0,1.0,0.214,0.25,0.0
2022-23,203954,1610612755,66,2284.10666666667,2183.0,670.0,274.0,66.0,112.0,226.0,0.548,0.33,0.857
2022-23,1631219,1610612757,19,221.101666666667,45.0,17.0,11.0,7.0,9.0,1.0,0.321,0.229,0.75
2022-23,1628381,1610612737,71,2129.64666666667,931.0,462.0,85.0,42.0,73.0,79.0,0.508,0.292,0.803
2022-23,1629723,1610612763,72,1493.81333333333,364.0,310.0,100.0,77.0,25.0,37.0,0.431,0.339,0.778
2022-23,202322,1610612746,34,754.73,386.0,92.0,178.0,27.0,12.0,80.0,0.407,0.303,0.681
2022-23,1631098,1610612764,28,422.575,163.0,65.0,28.0,10.0,8.0,17.0,0.386,0.243,0.519
2022-23,1630548,1610612762,18,232.25,87.0,39.0,8.0,4.0,3.0,3.0,0.337,0.238,0.5
2022-23,202685,1610612740,79,1968.24333333333,1115.0,804.0,140.0,20.0,52.0,159.0,0.547,0.349,0.826
2022-23,1628371,1610612753,11,124.035,55.0,44.0,6.0,14.0,4.0,4.0,0.415,0.4,0.556
2022-23,1630228,1610612744,67,1394.425,666.0,231.0,125.0,41.0,31.0,95.0,0.525,0.37,0.652
2022-23,203903,1610612762,61,1988.30333333333,1271.0,246.0,270.0,33.0,13.0,186.0,0.444,0.338,0.816
2022-23,1630692,1610612764,62,1105.42333333333,407.0,205.0,168.0,58.0,26.0,57.0,0.448,0.322,0.768
2022-23,1631160,1610612759,9,82.66,28.0,12.0,11.0,1.0,0.0,7.0,0.321,0.2,0.778
2022-23,1629162,1610612750,43,678.49,161.0,62.0,148.0,32.0,4.0,33.0,0.421,0.308,0.833
2022-23,1629670,1610612754,62,1188.085,542.0,229.0,88.0,24.0,14.0,66.0,0.436,0.408,0.791
2022-23,1629673,1610612744,82,2458.09333333333,1675.0,225.0,369.0,63.0,21.0,252.0,0.43,0.336,0.87
2022-23,1630648,1610612764,2,6.23333333333333,3.0,0.0,1.0,1.0,0.0,0.0,0.5,1.0,0.0
2022-23,1630631,1610612740,61,1309.98166666667,550.0,141.0,186.0,67.0,10.0,81.0,0.411,0.336,0.813
2022-23,1630528,1610612745,64,786.215,372.0,71.0,73.0,33.0,15.0,60.0,0.465,0.236,0.75
2022-23,1630581,1610612760,76,2367.27166666667,1260.0,599.0,469.0,57.0,31.0,211.0,0.482,0.325,0.731
2022-23,1630182,1610612742,60,1539.23,546.0,182.0,103.0,42.0,5.0,72.0,0.537,0.402,0.723
2022-23,1628404,1610612752,76,2454.025,743.0,593.0,290.0,88.0,21.0,117.0,0.529,0.372,0.75
2022-23,1631169,1610612750,15,96.2233333333333,46.0,25.0,5.0,4.0,6.0,3.0,0.5,0.333,1.0
2022-23,1629006,1610612756,72,1350.59,529.0,251.0,105.0,56.0,34.0,63.0,0.391,0.335,0.724
2022-23,1626196,1610612740,65,1529.60166666667,654.0,175.0,174.0,69.0,20.0,86.0,0.431,0.365,0.852
2022-23,1630563,1610612759,4,93.3616666666667,28.0,13.0,18.0,1.0,2.0,11.0,0.346,0.25,0.778
2022-23,201950,1610612749,67,2182.54,1290.0,341.0,495.0,79.0,25.0,197.0,0.479,0.384,0.859
2022-23,1629308,1610612762,52,700.058333333333,155.0,124.0,65.0,16.0,10.0,34.0,0.448,0.186,0.792
2022-23,1627823,1610612761,42,613.495,122.0,123.0,25.0,16.0,6.0,15.0,0.421,0.254,0.563
2022-23,1630577,1610612759,17,320.135,165.0,60.0,10.0,6.0,5.0,11.0,0.454,0.402,0.824
2022-23,203944,1610612752,77,2737.25166666667,1936.0,767.0,316.0,49.0,21.0,216.0,0.459,0.343,0.757
2022-23,1630551,1610612738,5,34.2833333333333,11.0,8.0,4.0,1.0,0.0,0.0,0.333,0.2,0.0
2022-23,203200,1610612742,46,706.113333333333,205.0,55.0,41.0,19.0,19.0,22.0,0.377,0.322,0.625
2022-23,1628382,1610612738,23,107.423333333333,20.0,17.0,9.0,4.0,4.0,2.0,0.259,0.25,0.5
2022-23,1631303,1610612757,4,88.85,17.0,15.0,4.0,2.0,5.0,4.0,0.304,0.25,0.0
2022-23,1626159,1610612757,29,775.791666666667,196.0,145.0,98.0,30.0,11.0,43.0,0.409,0.311,0.714
2022-23,203994,1610612757,52,1391.415,694.0,471.0,149.0,43.0,44.0,119.0,0.519,0.361,0.661
2022-23,1630231,1610612745,82,2292.15833333333,1039.0,452.0,123.0,41.0,30.0,91.0,0.569,0.315,0.68
2022-23,1629644,1610612758,35,248.025,46.0,34.0,13.0,7.0,7.0,7.0,0.421,0.333,0.875
2022-23,1630539,1610612766,46,549.626666666667,157.0,123.0,15.0,17.0,30.0,31.0,0.558,0.211,0.731
2022-23,1626157,1610612750,29,957.05,602.0,236.0,140.0,20.0,17.0,86.0,0.495,0.366,0.874
2022-23,202695,1610612746,52,1747.48833333333,1239.0,338.0,204.0,72.0,28.0,88.0,0.512,0.416,0.871
2022-23,1631099,1610612758,80,2381.67333333333,976.0,371.0,98.0,61.0,42.0,60.0,0.453,0.411,0.765
2022-23,1628966,1610612759,67,1452.58833333333,647.0,247.0,103.0,46.0,20.0,56.0,0.508,0.394,0.793
2022-23,1629640,1610612759,63,2063.33166666667,1385.0,318.0,183.0,46.0,11.0,134.0,0.452,0.329,0.749
2022-23,203482,1610612762,68,1941.59333333333,847.0,420.0,252.0,60.0,37.0,168.0,0.499,0.394,0.853
2022-23,1626162,1610612766,48,1547.51166666667,972.0,249.0,54.0,68.0,18.0,64.0,0.431,0.319,0.76
2022-23,202689,1610612742,9,143.901666666667,72.0,16.0,19.0,2.0,2.0,4.0,0.421,0.25,0.81
2022-23,1631112,1610612754,6,40.295,9.0,6.0,3.0,4.0,0.0,2.0,0.571,0.0,0.5
2022-23,1629134,1610612764,70,963.43,496.0,109.0,90.0,28.0,7.0,66.0,0.424,0.354,0.854
2022-23,1631113,1610612763,36,281.508333333333,78.0,38.0,58.0,12.0,5.0,18.0,0.422,0.133,0.462
2022-23,1631254,1610612763,24,175.958333333333,120.0,51.0,20.0,5.0,2.0,12.0,0.527,0.353,0.593
2022-23,1629026,1610612760,53,1205.98166666667,425.0,261.0,105.0,45.0,14.0,32.0,0.517,0.373,0.436
2022-23,203484,1610612743,76,2381.20666666667,822.0,208.0,183.0,112.0,35.0,86.0,0.462,0.423,0.824
2022-23,1631165,1610612758,16,70.8633333333333,24.0,8.0,6.0,5.0,1.0,1.0,0.438,0.5,0.571
2022-23,1630553,1610612757,40,416.36,189.0,44.0,59.0,19.0,6.0,43.0,0.376,0.346,0.659
2022-23,1630556,1610612758,36,385.753333333333,100.0,61.0,23.0,14.0,6.0,13.0,0.387,0.309,0.733
2022-23,201142,1610612756,47,1671.75666666667,1366.0,313.0,235.0,34.0,67.0,156.0,0.56,0.404,0.919
2022-23,1628989,1610612758,75,2202.77666666667,1140.0,251.0,221.0,80.0,24.0,97.0,0.485,0.402,0.725
2022-23,1628995,1610612757,63,951.723333333333,415.0,177.0,33.0,24.0,12.0,50.0,0.458,0.349,0.767
2022-23,201567,1610612748,62,1239.47833333333,509.0,399.0,116.0,16.0,12.0,70.0,0.389,0.334,0.879
2022-23,1629645,1610612745,59,2023.88333333333,1130.0,314.0,338.0,82.0,17.0,188.0,0.442,0.366,0.784
2022-23,1630284,1610612753,34,457.048333333333,141.0,70.0,16.0,17.0,5.0,21.0,0.439,0.372,0.756
2022-23,1626172,1610612744,82,1957.595,578.0,760.0,207.0,52.0,50.0,45.0,0.63,0.0,0.606
2022-23,203920,1610612759,20,161.85,43.0,25.0,7.0,5.0,5.0,8.0,0.594,0.5,0.8
2022-23,203114,1610612749,33,800.773333333333,497.0,140.0,163.0,23.0,5.0,71.0,0.436,0.315,0.902
2022-23,1630165,1610612765,76,2153.58833333333,786.0,221.0,470.0,104.0,28.0,173.0,0.377,0.28,0.821
2022-23,1630184,1610612740,25,234.766666666667,114.0,33.0,23.0,10.0,2.0,10.0,0.455,0.441,0.864
2022-23,202691,1610612744,69,2278.91166666667,1509.0,286.0,163.0,49.0,29.0,123.0,0.436,0.412,0.879
2022-23,1628424,1610612766,5,27.7716666666667,5.0,4.0,5.0,0.0,2.0,1.0,0.167,0.2,1.0
2022-23,1627739,1610612762,22,567.541666666667,290.0,100.0,124.0,25.0,10.0,35.0,0.537,0.472,0.774
2022-23,204001,1610612764,65,2119.51166666667,1505.0,546.0,174.0,58.0,100.0,137.0,0.498,0.385,0.851
2022-23,203937,1610612750,69,1956.57333333333,647.0,368.0,335.0,78.0,63.0,103.0,0.509,0.41,0.735
2022-23,1628398,1610612764,64,2238.85166666667,1357.0,463.0,239.0,36.0,29.0,190.0,0.448,0.333,0.73
2022-23,200768,1610612748,55,1717.725,615.0,225.0,281.0,57.0,21.0,103.0,0.404,0.345,0.859
2022-23,202681,1610612742,60,2240.57333333333,1623.0,304.0,331.0,66.0,45.0,128.0,0.494,0.379,0.905
2022-23,1630163,1610612766,36,1267.755,838.0,231.0,304.0,46.0,11.0,129.0,0.411,0.376,0.843
2022-23,1630205,1610612739,62,1120.48333333333,328.0,207.0,33.0,27.0,19.0,27.0,0.448,0.316,0.702
2022-23,1629013,1610612756,40,806.91,346.0,67.0,93.0,26.0,5.0,36.0,0.377,0.377,0.882
2022-23,1626204,1610612740,65,1380.82666666667,441.0,354.0,119.0,56.0,37.0,42.0,0.61,0.333,0.696
2022-23,1628374,1610612762,66,2272.48666666667,1691.0,570.0,123.0,42.0,38.0,127.0,0.499,0.391,0.875
2022-23,2544,1610612747,55,1953.94,1590.0,457.0,375.0,50.0,32.0,178.0,0.5,0.321,0.768
2022-23,1630195,1610612762,14,68.4733333333333,6.0,7.0,7.0,3.0,1.0,7.0,0.15,0.0,0.0
2022-23,1631311,1610612744,4,18.1166666666667,10.0,3.0,2.0,1.0,0.0,5.0,0.4,0.5,0.667
2022-23,1629623,1610612749,7,86.65,50.0,7.0,14.0,0.0,2.0,12.0,0.486,0.333,0.889
2022-23,1630322,1610612760,41,530.825,214.0,75.0,28.0,14.0,11.0,10.0,0.393,0.358,0.8
2022-23,1629022,1610612747,56,1297.03666666667,654.0,109.0,64.0,30.0,17.0,46.0,0.448,0.365,0.858
2022-23,1629663,1610612755,1,28.8,20.0,4.0,2.0,1.0,0.0,2.0,0.615,0.5,0.0
2022-23,1629652,1610612760,74,2272.35666666667,1013.0,344.0,154.0,75.0,23.0,92.0,0.388,0.33,0.772
2022-23,1629029,1610612742,66,2390.47166666667,2138.0,569.0,529.0,90.0,33.0,236.0,0.496,0.342,0.742
2022-23,1630568,1610612750,28,243.42,181.0,63.0,18.0,3.0,2.0,14.0,0.543,0.359,0.788
2022-23,1629677,1610612762,7,160.813333333333,69.0,30.0,15.0,6.0,2.0,10.0,0.456,0.258,0.692
2022-23,1628379,1610612763,59,1315.085,546.0,158.0,91.0,32.0,5.0,46.0,0.492,0.494,0.949
2022-23,1628436,1610612738,69,804.088333333333,261.0,197.0,53.0,11.0,46.0,25.0,0.665,0.231,0.821
2022-23,1630644,1610612755,2,41.0666666666667,25.0,10.0,9.0,0.0,0.0,3.0,0.45,0.364,0.6
2022-23,1630201,1610612761,53,690.788333333333,246.0,76.0,70.0,21.0,4.0,25.0,0.36,0.353,0.758
2022-23,1631103,1610612759,66,1549.59666666667,673.0,181.0,127.0,33.0,7.0,76.0,0.44,0.302,0.829
2022-23,1627763,1610612738,67,1743.815,1000.0,280.0,248.0,45.0,18.0,98.0,0.484,0.444,0.87
2022-23,1630792,1610612741,5,9.15,5.0,3.0,0.0,0.0,0.0,0.0,0.5,0.333,0.0
2022-23,1627736,1610612747,81,2093.085,1025.0,283.0,124.0,65.0,9.0,90.0,0.395,0.357,0.769
2022-23,1628370,1610612758,77,1719.235,1041.0,203.0,298.0,49.0,20.0,146.0,0.448,0.359,0.889
2022-23,1629603,1610612739,22,175.878333333333,57.0,30.0,8.0,4.0,9.0,12.0,0.48,0.333,1.0
2022-23,1630699,1610612749,52,701.381666666667,266.0,115.0,35.0,21.0,7.0,45.0,0.395,0.331,0.73
2022-23,202694,1610612746,65,1825.11333333333,728.0,258.0,114.0,42.0,21.0,56.0,0.426,0.365,0.782
2022-23,203935,1610612738,61,1956.76,703.0,191.0,382.0,93.0,23.0,143.0,0.415,0.336,0.746
2022-23,1631109,1610612766,43,827.975,387.0,304.0,18.0,28.0,45.0,40.0,0.637,0.0,0.691
2022-23,1628365,1610612753,60,1777.94166666667,837.0,234.0,341.0,87.0,26.0,139.0,0.514,0.31,0.783
2022-23,202693,1610612742,35,355.07,132.0,71.0,31.0,9.0,5.0,18.0,0.409,0.394,1.0
2022-23,1630250,1610612741,7,19.5966666666667,6.0,2.0,0.0,0.0,0.0,0.0,0.286,0.25,0.5
2022-23,1628963,1610612765,42,990.455,504.0,269.0,36.0,19.0,30.0,46.0,0.529,0.288,0.75
2022-23,203486,1610612746,79,2052.945,857.0,700.0,245.0,46.0,47.0,117.0,0.68,0.0,0.636
2022-23,1629680,1610612757,71,1200.43833333333,293.0,140.0,53.0,83.0,32.0,24.0,0.435,0.365,0.679
2022-23,1630346,1610612750,34,310.181666666667,122.0,26.0,16.0,5.0,1.0,7.0,0.37,0.381,0.833
2022-23,203521,1610612758,32,212.798333333333,47.0,13.0,41.0,7.0,0.0,10.0,0.34,0.333,0.571
2022-23,1631108,1610612747,41,512.425,128.0,75.0,21.0,9.0,7.0,13.0,0.415,0.419,0.875
2022-23,1629622,1610612748,80,2271.97833333333,923.0,258.0,171.0,42.0,12.0,69.0,0.41,0.35,0.876
2022-23,1628467,1610612742,37,929.768333333333,220.0,135.0,52.0,12.0,30.0,27.0,0.456,0.348,0.711
2022-23,1630593,1610612742,27,335.03,114.0,47.0,58.0,8.0,5.0,19.0,0.469,0.321,0.684
2022-23,203086,1610612749,9,113.738333333333,43.0,34.0,1.0,2.0,0.0,6.0,0.483,0.389,0.889
2022-23,1629662,1610612738,4,36.4333333333333,6.0,10.0,0.0,2.0,0.0,1.0,0.286,0.0,1.0
2022-23,1630695,1610612762,7,52.44,24.0,16.0,4.0,1.0,0.0,2.0,0.667,0.571,0.0
2022-23,203487,1610612753,4,44.4833333333333,17.0,5.0,7.0,1.0,1.0,4.0,0.429,0.333,0.571
2022-23,1630701,1610612755,1,1.03333333333333,0.0,0.0,0.0,0.0,0.0,0.0,0.0,0.0,0.0
2022-23,1629008,1610612743,62,1797.89333333333,1080.0,341.0,65.0,37.0,29.0,68.0,0.487,0.414,0.8
2022-23,1628969,1610612751,83,2963.17666666667,1671.0,364.0,273.0,91.0,61.0,127.0,0.468,0.382,0.895
2022-23,201144,1610612750,67,2028.055,798.0,182.0,450.0,73.0,14.0,103.0,0.428,0.385,0.834
2022-23,203488,1610612738,63,945.09,383.0,203.0,50.0,15.0,24.0,23.0,0.449,0.391,0.769
2022-23,1630540,1610612752,64,760.246666666667,222.0,50.0,72.0,37.0,8.0,25.0,0.358,0.299,0.667
2022-23,1629011,1610612752,59,1588.82833333333,435.0,555.0,53.0,56.0,109.0,41.0,0.671,0.0,0.484
2022-23,1628964,1610612747,49,768.428333333333,323.0,225.0,46.0,13.0,43.0,30.0,0.485,0.387,0.661
2022-23,1628420,1610612764,62,1696.08666666667,636.0,210.0,326.0,43.0,13.0,60.0,0.48,0.382,0.831
2022-23,1626149,1610612755,57,681.075,320.0,159.0,33.0,17.0,25.0,35.0,0.598,0.0,0.693
2022-23,1629021,1610612753,57,1109.46666666667,600.0,259.0,84.0,37.0,13.0,68.0,0.5,0.313,0.841
2022-23,1629650,1610612746,36,294.145,155.0,139.0,4.0,4.0,14.0,15.0,0.635,0.0,0.458
2022-23,1630541,1610612744,63,817.146666666667,302.0,105.0,51.0,18.0,7.0,34.0,0.476,0.363,0.698
2022-23,1631217,1610612746,22,195.496666666667,59.0,50.0,4.0,7.0,8.0,9.0,0.511,0.5,0.625
2022-23,1626167,1610612754,62,1825.21,1113.0,466.0,89.0,36.0,140.0,103.0,0.548,0.373,0.783
2022-23,1630230,1610612740,77,1792.03666666667,698.0,279.0,189.0,54.0,14.0,97.0,0.433,0.303,0.789
2022-23,1629642,1610612757,54,976.056666666667,359.0,141.0,50.0,20.0,20.0,36.0,0.442,0.367,0.717
2022-23,1631466,1610612757,5,126.566666666667,53.0,15.0,10.0,3.0,2.0,4.0,0.615,0.375,0.667
2022-23,1630233,1610612750,38,290.748333333333,139.0,56.0,13.0,10.0,6.0,21.0,0.568,0.364,0.684
2022-23,1629675,1610612750,68,1250.90833333333,781.0,333.0,77.0,42.0,53.0,92.0,0.537,0.346,0.677
2022-23,1629674,1610612758,5,28.69,12.0,11.0,1.0,0.0,2.0,1.0,0.667,0.0,0.0
2022-23,203457,1610612751,17,194.68,35.0,46.0,10.0,16.0,10.0,13.0,0.361,0.5,0.667
2022-23,1629651,1610612751,76,2270.65666666667,961.0,702.0,144.0,65.0,189.0,96.0,0.705,0.0,0.541
2022-23,1630208,1610612766,65,1217.675,532.0,416.0,38.0,11.0,71.0,59.0,0.629,1.0,0.749
2022-23,1629638,1610612750,59,883.885,363.0,101.0,108.0,32.0,21.0,55.0,0.444,0.384,0.667
2022-23,201587,1610612746,78,1709.57,478.0,299.0,121.0,54.0,44.0,50.0,0.42,0.391,0.708
2022-23,203999,1610612743,69,2323.00666666667,1690.0,817.0,678.0,87.0,47.0,247.0,0.632,0.383,0.822
2022-23,1631107,1610612748,15,204.455,82.0,31.0,10.0,7.0,2.0,10.0,0.406,0.229,0.947
2022-23,202696,1610612741,82,2746.355,1447.0,903.0,265.0,60.0,57.0,139.0,0.52,0.349,0.835
2022-23,203943,1610612738,23,171.635,25.0,48.0,7.0,2.0,8.0,11.0,0.458,0.25,1.0
2022-23,1626181,1610612746,60,1567.135,1019.0,175.0,109.0,50.0,18.0,101.0,0.479,0.397,0.812
2022-23,1628384,1610612761,67,2385.65166666667,1124.0,332.0,131.0,128.0,50.0,132.0,0.476,0.387,0.838
2022-23,1630167,1610612752,67,1050.50833333333,497.0,187.0,66.0,23.0,12.0,38.0,0.446,0.344,0.809
2022-23,1630534,1610612762,59,1209.20666666667,467.0,121.0,67.0,16.0,15.0,41.0,0.427,0.355,0.812
2022-23,1630846,1610612760,9,113.641666666667,36.0,31.0,4.0,1.0,5.0,4.0,0.5,0.125,0.714
2022-23,1630209,1610612748,9,83.2316666666667,40.0,23.0,2.0,2.0,2.0,4.0,0.593,0.429,0.833
2022-23,1630168,1610612737,80,1848.555,791.0,576.0,81.0,56.0,107.0,81.0,0.638,0.308,0.781
2022-23,1631115,1610612748,31,425.15,116.0,126.0,25.0,12.0,12.0,16.0,0.528,0.0,0.71
2022-23,1629052,1610612754,65,1083.17666666667,398.0,218.0,44.0,33.0,13.0,34.0,0.386,0.31,0.717
2022-23,203490,1610612761,8,146.341666666667,44.0,19.0,8.0,11.0,0.0,4.0,0.5,0.353,1.0
2022-23,1631172,1610612760,39,568.71,193.0,105.0,46.0,14.0,7.0,26.0,0.42,0.265,0.652
2022-23,200782,1610612755,75,1920.055,266.0,295.0,60.0,39.0,15.0,44.0,0.427,0.393,0.826
2022-23,1629023,1610612766,73,2379.56333333333,1144.0,358.0,175.0,66.0,79.0,110.0,0.444,0.348,0.73
2022-23,1628408,1610612758,16,79.3466666666667,22.0,14.0,10.0,6.0,1.0,5.0,0.303,0.125,0.0
2022-23,1631094,1610612753,72,2429.72333333333,1437.0,497.0,269.0,60.0,39.0,200.0,0.427,0.298,0.738
2022-23,1627783,1610612761,71,2652.03666666667,1720.0,556.0,415.0,65.0,36.0,169.0,0.48,0.324,0.774
2022-23,1626192,1610612749,61,1442.735,466.0,283.0,77.0,37.0,11.0,33.0,0.392,0.339,0.659
2022-23,1631116,1610612744,31,225.845,122.0,40.0,11.0,6.0,4.0,11.0,0.394,0.381,0.667
2022-23,201976,1610612741,67,1816.52666666667,415.0,247.0,194.0,63.0,41.0,60.0,0.4,0.335,0.723
2022-23,1630172,1610612741,82,2322.84166666667,833.0,327.0,100.0,72.0,70.0,101.0,0.464,0.415,0.857
2022-23,201988,1610612751,40,566.648333333333,246.0,44.0,56.0,15.0,3.0,30.0,0.411,0.366,0.833
2022-23,202331,1610612746,56,1938.89166666667,1332.0,342.0,288.0,83.0,20.0,176.0,0.457,0.371,0.871
2022-23,1630194,1610612755,69,755.163333333333,287.0,262.0,27.0,45.0,51.0,45.0,0.593,0.167,0.745
2022-23,1630202,1610612738,48,642.776666666667,270.0,88.0,64.0,14.0,1.0,40.0,0.412,0.364,0.75
2022-23,1631212,1610612743,23,186.111666666667,75.0,37.0,11.0,2.0,11.0,8.0,0.492,0.429,0.55
2022-23,1630173,1610612761,55,1140.52,508.0,328.0,50.0,31.0,30.0,59.0,0.485,0.269,0.702
2022-23,1629656,1610612752,71,2120.90666666667,799.0,229.0,150.0,47.0,26.0,69.0,0.468,0.386,0.796
2022-23,1631245,1610612764,9,134.583333333333,56.0,8.0,15.0,4.0,1.0,4.0,0.452,0.083,0.773
2022-23,1630181,1610612765,47,749.635,302.0,87.0,54.0,27.0,9.0,42.0,0.43,0.353,0.75
2022-23,1629628,1610612752,73,2475.465,1431.0,368.0,201.0,31.0,15.0,164.0,0.434,0.31,0.74
2022-23,1630564,1610612751,1,35.0833333333333,16.0,9.0,7.0,0.0,1.0,4.0,0.5,0.4,1.0
2022-23,203526,1610612739,48,505.231666666667,157.0,46.0,79.0,17.0,4.0,24.0,0.518,0.286,0.912
2022-23,203493,1610612742,78,2364.485,561.0,283.0,108.0,54.0,13.0,36.0,0.409,0.38,0.703
2022-23,202704,1610612743,68,1656.85333333333,693.0,144.0,233.0,47.0,6.0,115.0,0.411,0.333,0.91
2022-23,1626158,1610612758,42,347.575,130.0,80.0,9.0,3.0,11.0,14.0,0.618,0.625,0.789
2022-23,201937,1610612739,33,565.993333333333,171.0,70.0,115.0,26.0,6.0,31.0,0.343,0.256,0.8
2022-23,203496,1610612746,48,778.641666666667,288.0,166.0,57.0,38.0,33.0,32.0,0.445,0.397,0.75
2022-23,1629057,1610612738,35,823.55,279.0,292.0,50.0,22.0,48.0,34.0,0.747,0.0,0.61
2022-23,201577,1610612739,37,298.498333333333,112.0,51.0,19.0,2.0,8.0,25.0,0.64,0.5,0.778
2022-23,203585,1610612765,32,523.901666666667,183.0,74.0,28.0,16.0,1.0,11.0,0.408,0.423,0.818
2022-23,1629641,1610612759,43,844.301666666667,297.0,114.0,50.0,24.0,13.0,30.0,0.467,0.262,0.696
2022-23,1631199,1610612761,9,47.5,20.0,7.0,4.0,0.0,1.0,0.0,0.5,0.333,1.0
2022-23,1626220,1610612751,76,2409.235,671.0,384.0,283.0,65.0,49.0,114.0,0.386,0.389,0.725
2022-23,200752,1610612762,56,815.568333333333,293.0,163.0,57.0,19.0,18.0,37.0,0.38,0.254,0.857
2022-23,203497,1610612750,70,2148.48333333333,939.0,814.0,87.0,56.0,95.0,122.0,0.659,0.0,0.644
2022-23,1629060,1610612747,63,1466.03,707.0,283.0,58.0,19.0,26.0,53.0,0.486,0.319,0.739
2022-23,201566,1610612746,73,2125.82666666667,1159.0,423.0,551.0,76.0,33.0,255.0,0.436,0.311,0.656
2022-23,1627853,1610612752,20,172.353333333333,26.0,15.0,23.0,5.0,0.0,7.0,0.243,0.348,0.0
2022-23,1631157,1610612744,12,62.07,23.0,12.0,6.0,1.0,1.0,16.0,0.35,0.333,1.0
2022-23,1630240,1610612756,25,373.53,151.0,45.0,67.0,19.0,1.0,24.0,0.405,0.367,0.737
2022-23,1630180,1610612737,77,2128.695,1062.0,362.0,118.0,70.0,13.0,71.0,0.422,0.361,0.861
2022-23,1630573,1610612738,80,1289.89833333333,512.0,204.0,71.0,29.0,21.0,30.0,0.455,0.418,0.706
2022-23,1630241,1610612739,5,58.5166666666667,25.0,9.0,5.0,4.0,0.0,0.0,0.409,0.278,1.0
2022-23,1630572,1610612759,43,659.653333333333,263.0,185.0,62.0,14.0,12.0,35.0,0.422,0.303,0.684
2022-23,1630583,1610612763,77,1681.74833333333,696.0,371.0,97.0,45.0,48.0,60.0,0.47,0.353,0.75
2022-23,1630567,1610612761,77,2677.55,1179.0,512.0,371.0,83.0,61.0,154.0,0.456,0.281,0.772
2022-23,1630590,1610612747,6,31.5166666666667,14.0,4.0,2.0,2.0,1.0,2.0,0.333,0.333,0.556
2022-23,201586,1610612749,16,185.358333333333,66.0,44.0,4.0,2.0,7.0,11.0,0.481,0.333,0.615
2022-23,203552,1610612751,61,1210.715,561.0,100.0,99.0,36.0,7.0,51.0,0.463,0.405,0.927
2022-23,1631101,1610612757,80,1778.60333333333,789.0,236.0,94.0,38.0,24.0,83.0,0.472,0.36,0.714
2022-23,1628983,1610612760,68,2415.985,2135.0,329.0,371.0,112.0,65.0,192.0,0.51,0.345,0.905
2022-23,1629003,1610612755,76,1567.35333333333,637.0,191.0,240.0,25.0,13.0,94.0,0.479,0.378,0.853
2022-23,1627885,1610612747,5,119.916666666667,44.0,22.0,30.0,11.0,2.0,6.0,0.417,0.3,0.733
2022-23,1631323,1610612762,52,765.811666666667,328.0,86.0,42.0,15.0,8.0,39.0,0.369,0.33,0.795
2022-23,1630219,1610612757,6,188.766666666667,92.0,19.0,50.0,6.0,1.0,10.0,0.5,0.462,0.923
2022-23,203915,1610612751,79,2725.335,1369.0,270.0,515.0,67.0,24.0,145.0,0.438,0.369,0.812
2022-23,1626169,1610612762,30,469.495,174.0,95.0,67.0,16.0,6.0,33.0,0.533,0.45,0.667
2022-23,1630649,1610612765,1,2.11666666666667,2.0,0.0,0.0,1.0,1.0,0.0,0.0,0.0,1.0
2022-23,201939,1610612744,56,1941.15166666667,1648.0,341.0,352.0,52.0,20.0,179.0,0.493,0.427,0.915
2022-23,1628425,1610612747,4,24.3633333333333,0.0,8.0,2.0,3.0,0.0,0.0,0.0,0.0,0.0
2022-23,203500,1610612763,42,1133.29166666667,361.0,485.0,97.0,36.0,46.0,79.0,0.597,0.0,0.364
2022-23,1629004,1610612766,32,467.901666666667,222.0,53.0,53.0,15.0,4.0,24.0,0.445,0.424,0.667
2022-23,204456,1610612754,75,1526.41333333333,650.0,234.0,397.0,81.0,10.0,143.0,0.543,0.441,0.853
2022-23,203933,1610612756,42,686.708333333333,314.0,121.0,40.0,22.0,12.0,20.0,0.489,0.328,0.8
2022-23,201959,1610612764,49,480.445,168.0,93.0,34.0,15.0,12.0,26.0,0.52,0.333,0.714
2022-23,1629659,1610612762,65,1313.215,698.0,210.0,246.0,41.0,29.0,126.0,0.419,0.286,0.75
2022-23,1631106,1610612745,82,1767.22,760.0,496.0,88.0,96.0,47.0,101.0,0.448,0.343,0.752
2022-23,1627752,1610612750,54,1192.54833333333,493.0,132.0,84.0,28.0,15.0,69.0,0.467,0.381,0.844
2022-23,1629611,1610612746,81,1872.17666666667,713.0,276.0,184.0,42.0,22.0,80.0,0.519,0.389,0.78
2022-23,1629056,1610612758,64,840.976666666667,431.0,139.0,67.0,43.0,12.0,53.0,0.423,0.366,0.791
2022-23,203082,1610612756,63,1330.50833333333,522.0,154.0,95.0,35.0,10.0,43.0,0.43,0.368,0.794
2022-23,1626179,1610612766,63,2220.92666666667,1329.0,259.0,319.0,74.0,16.0,134.0,0.415,0.327,0.809
2022-23,1630678,1610612741,31,263.436666666667,89.0,47.0,10.0,3.0,6.0,9.0,0.52,0.263,0.545
2022-23,201152,1610612761,54,795.46,240.0,166.0,75.0,54.0,5.0,42.0,0.545,0.176,0.692
2022-23,203648,1610612749,37,206.206666666667,51.0,44.0,15.0,3.0,3.0,12.0,0.435,0.0,0.5
2022-23,1630177,1610612766,44,853.656666666667,295.0,123.0,152.0,37.0,12.0,59.0,0.402,0.295,0.851
2022-23,1629033,1610612742,40,322.956666666667,95.0,63.0,46.0,6.0,1.0,12.0,0.356,0.355,0.846
2022-23,1628418,1610612743,59,1081.48666666667,579.0,339.0,31.0,16.0,30.0,38.0,0.623,0.441,0.738
2022-23,203501,1610612742,71,2152.23333333333,1019.0,251.0,129.0,49.0,12.0,60.0,0.401,0.385,0.77
2022-23,202699,1610612755,74,2435.87833333333,1085.0,424.0,186.0,68.0,40.0,89.0,0.501,0.389,0.876
2022-23,1628396,1610612741,12,33.365,19.0,11.0,1.0,1.0,1.0,1.0,0.5,0.6,1.0
2022-23,1628470,1610612756,79,1947.84166666667,588.0,426.0,117.0,50.0,62.0,73.0,0.456,0.395,0.711
2022-23,1629027,1610612737,73,2540.74,1914.0,217.0,741.0,80.0,9.0,300.0,0.429,0.335,0.886
2022-23,1630200,1610612759,68,1983.73833333333,875.0,245.0,448.0,89.0,9.0,110.0,0.459,0.285,0.86
2022-23,1630544,1610612760,67,1183.38833333333,517.0,155.0,120.0,40.0,11.0,62.0,0.393,0.315,0.764
2022-23,1630570,1610612757,62,1181.60833333333,459.0,238.0,130.0,32.0,12.0,71.0,0.56,0.391,0.72
2022-23,1630235,1610612737,23,276.975,52.0,37.0,38.0,7.0,2.0,15.0,0.417,0.0,0.667
2022-23,1630243,1610612755,7,70.0,21.0,17.0,6.0,2.0,5.0,7.0,0.241,0.133,1.0
2022-23,1631309,1610612745,5,28.3333333333333,9.0,0.0,3.0,0.0,0.0,1.0,0.222,0.25,1.0
2022-23,1631211,1610612752,3,8.04,3.0,2.0,0.0,0.0,0.0,0.0,0.25,0.25,0.0
2022-23,1626168,1610612758,74,1247.235,562.0,300.0,66.0,27.0,31.0,64.0,0.458,0.363,0.815
2022-23,1630530,1610612740,79,2448.005,1148.0,281.0,112.0,89.0,43.0,61.0,0.484,0.406,0.905
2022-23,1628972,1610612747,76,1859.79,541.0,308.0,95.0,59.0,16.0,49.0,0.43,0.381,0.872
2022-23,1629660,1610612744,45,815.578333333333,309.0,78.0,135.0,23.0,5.0,30.0,0.488,0.389,0.927
2022-23,1631102,1610612745,31,432.713333333333,145.0,45.0,47.0,15.0,2.0,14.0,0.363,0.238,0.556
2022-23,1628416,1610612742,3,8.25,9.0,2.0,0.0,0.0,0.0,0.0,0.8,0.5,0.0
2022-23,1629639,1610612748,67,2335.39166666667,1347.0,360.0,280.0,51.0,16.0,158.0,0.439,0.378,0.934
2022-23,1630169,1610612754,56,1882.85333333333,1160.0,205.0,585.0,91.0,25.0,141.0,0.49,0.4,0.871
2022-23,1631213,1610612737,16,65.54,21.0,12.0,2.0,1.0,0.0,2.0,0.391,0.143,1.0
2022-23,1630178,1610612755,60,2015.77,1218.0,176.0,212.0,49.0,8.0,80.0,0.481,0.434,0.845
2022-23,1626145,1610612763,80,1939.42333333333,822.0,200.0,417.0,83.0,6.0,74.0,0.438,0.371,0.806
2022-23,1628962,1610612762,36,358.535,125.0,119.0,11.0,6.0,15.0,18.0,0.819,0.0,0.35
2022-23,2617,1610612748,7,72.1183333333333,27.0,11.0,0.0,1.0,2.0,1.0,0.345,0.333,0.8
2022-23,1630586,1610612745,75,970.18,225.0,307.0,64.0,44.0,29.0,47.0,0.486,0.407,0.617
2022-23,1630176,1610612762,11,28.4833333333333,6.0,11.0,3.0,2.0,2.0,2.0,0.25,0.0,1.0
2022-23,203506,1610612748,42,1105.64,449.0,128.0,146.0,57.0,12.0,87.0,0.397,0.33,0.747
2022-23,1631246,1610612763,15,104.59,30.0,15.0,4.0,6.0,2.0,5.0,0.3,0.143,1.0
2022-23,1628427,1610612743,60,889.023333333333,297.0,128.0,80.0,22.0,14.0,37.0,0.476,0.374,0.927
2022-23,1630249,1610612737,29,165.423333333333,36.0,26.0,17.0,5.0,1.0,5.0,0.405,0.238,0.5
2022-23,1631117,1610612762,74,1703.20666666667,679.0,620.0,69.0,26.0,173.0,58.0,0.72,0.333,0.516
2022-23,1628976,1610612753,57,1689.54,868.0,497.0,132.0,30.0,33.0,106.0,0.525,0.356,0.738
2022-23,1631111,1610612750,29,152.658333333333,42.0,18.0,18.0,8.0,5.0,8.0,0.419,0.118,0.8
2022-23,1629117,1610612747,68,1023.75,372.0,286.0,36.0,26.0,35.0,46.0,0.596,0.278,0.619
2022-23,202083,1610612749,52,820.425,179.0,113.0,34.0,20.0,13.0,18.0,0.363,0.315,0.857
2022-23,203115,1610612761,56,992.96,379.0,137.0,112.0,28.0,13.0,48.0,0.379,0.367,0.787
2022-23,1626195,1610612740,38,457.661666666667,262.0,180.0,33.0,17.0,13.0,39.0,0.527,0.273,0.779
2022-23,1641645,1610612764,10,125.783333333333,38.0,38.0,6.0,6.0,4.0,8.0,0.607,0.0,0.4
2022-23,1629875,1610612746,4,19.5666666666667,7.0,3.0,5.0,0.0,0.0,1.0,0.333,0.333,0.0
2022-23,1630270,1610612766,4,48.2266666666667,17.0,5.0,5.0,0.0,1.0,3.0,0.5,0.5,1.0
2022-23,1630214,1610612763,61,1180.10833333333,429.0,307.0,96.0,58.0,29.0,44.0,0.614,0.267,0.551
2022-23,1629139,1610612751,58,927.786666666667,322.0,141.0,48.0,25.0,17.0,22.0,0.491,0.444,0.723
2022-23,1628380,1610612759,63,1440.59666666667,731.0,402.0,180.0,37.0,49.0,129.0,0.518,0.374,0.761
2022-23,203897,1610612741,77,2767.95,1913.0,345.0,327.0,69.0,18.0,194.0,0.485,0.375,0.848
2022-23,1630192,1610612743,53,727.798333333333,277.0,138.0,18.0,17.0,23.0,31.0,0.561,0.262,0.645
2022-23,1630533,1610612763,37,560.755,210.0,79.0,35.0,14.0,6.0,37.0,0.429,0.258,0.773
2022-23,1629627,1610612740,29,956.098333333333,754.0,202.0,133.0,32.0,16.0,99.0,0.608,0.368,0.714
2023-24,1630639,1610612742,42,310.9,136.0,50.0,20.0,10.0,3.0,14.0,0.446,0.26,0.652
2023-24,1631260,1610612749,56,614.281666666667,252.0,64.0,30.0,9.0,4.0,12.0,0.423,0.408,0.895
2023-24,1631100,1610612737,20,170.73,48.0,18.0,5.0,1.0,2.0,8.0,0.29,0.256,1.0
2023-24,203932,1610612743,73,2296.81,1013.0,471.0,259.0,56.0,45.0,105.0,0.556,0.29,0.658
2023-24,1628988,1610612745,78,1269.29666666667,514.0,123.0,140.0,42.0,6.0,53.0,0.446,0.387,0.921
2023-24,1630174,1610612754,72,1994.655,877.0,275.0,108.0,65.0,49.0,64.0,0.496,0.419,0.781
2023-24,1630598,1610612760,78,1227.93833333333,542.0,186.0,86.0,56.0,19.0,56.0,0.562,0.492,0.789
2023-24,1641745,1610612760,2,14.0166666666667,3.0,0.0,4.0,0.0,0.0,0.0,0.143,0.167,0.0
2023-24,1641766,1610612741,9,65.7616666666667,36.0,36.0,0.0,1.0,0.0,5.0,0.519,0.0,0.667
2023-24,1629678,1610612753,23,84.3583333333333,26.0,17.0,7.0,1.0,0.0,5.0,0.385,0.375,0.0
2023-24,201143,1610612738,65,1739.79666666667,562.0,413.0,168.0,38.0,62.0,48.0,0.511,0.419,0.867
2023-24,202692,1610612752,66,1211.545,689.0,150.0,88.0,28.0,12.0,48.0,0.369,0.376,0.868
2023-24,1630197,1610612766,28,405.383333333333,146.0,89.0,35.0,15.0,13.0,19.0,0.405,0.327,0.732
2023-24,1627936,1610612741,71,2040.34333333333,715.0,273.0,247.0,120.0,70.0,102.0,0.468,0.408,0.76
2023-24,1641788,1610612742,6,40.2166666666667,15.0,5.0,0.0,3.0,0.0,2.0,0.4,0.2,1.0
2023-24,203458,1610612758,48,444.245,120.0,128.0,50.0,11.0,33.0,27.0,0.617,0.0,0.588
2023-24,1631214,1610612748,7,15.595,5.0,1.0,0.0,0.0,1.0,2.0,0.25,0.0,1.0
2023-24,1630578,1610612745,63,2045.635,1331.0,589.0,312.0,76.0,46.0,162.0,0.537,0.297,0.693
2023-24,1641735,1610612766,10,64.6333333333333,23.0,9.0,7.0,3.0,0.0,4.0,0.333,0.125,0.857
2023-24,1641708,1610612745,62,1388.53166666667,592.0,409.0,163.0,78.0,38.0,90.0,0.536,0.138,0.684
2023-24,1629599,1610612746,70,1460.59666666667,463.0,148.0,76.0,41.0,14.0,33.0,0.472,0.38,0.859
2023-24,203083,1610612741,79,1351.25166666667,663.0,708.0,37.0,73.0,48.0,81.0,0.556,0.0,0.592
2023-24,1641748,1610612749,57,572.328333333333,125.0,113.0,50.0,16.0,6.0,28.0,0.5,0.37,0.727
2023-24,1641847,1610612741,5,13.4,0.0,0.0,0.0,1.0,1.0,0.0,0.0,0.0,0.0
2023-24,1629614,1610612754,68,1696.685,626.0,141.0,280.0,63.0,6.0,101.0,0.498,0.357,0.804
2023-24,203952,1610612744,71,1920.44833333333,939.0,321.0,119.0,42.0,41.0,87.0,0.453,0.358,0.751
2023-24,1629014,1610612757,46,1581.74333333333,1039.0,167.0,255.0,23.0,5.0,126.0,0.43,0.385,0.916
2023-24,1641710,1610612753,69,1164.21,316.0,139.0,91.0,35.0,21.0,56.0,0.466,0.394,0.613
2023-24,203076,1610612747,76,2700.24333333333,1876.0,961.0,266.0,91.0,178.0,159.0,0.556,0.271,0.816
2023-24,1630162,1610612750,79,2770.38333333333,2049.0,430.0,405.0,101.0,42.0,241.0,0.461,0.357,0.836
2023-24,1630264,1610612764,50,466.496666666667,189.0,94.0,34.0,13.0,11.0,23.0,0.469,0.244,0.806
2023-24,1629717,1610612751,10,104.023333333333,42.0,18.0,5.0,1.0,1.0,3.0,0.326,0.344,0.5
2023-24,1630204,1610612757,19,315.571666666667,80.0,45.0,54.0,11.0,9.0,30.0,0.408,0.32,0.824
2023-24,1641709,1610612765,63,1582.805,556.0,402.0,120.0,68.0,59.0,84.0,0.483,0.186,0.597
2023-24,1630559,1610612747,82,2628.95,1300.0,352.0,450.0,66.0,25.0,174.0,0.486,0.367,0.853
2023-24,1630245,1610612741,76,2212.46833333333,924.0,216.0,242.0,68.0,36.0,103.0,0.501,0.403,0.81
2023-24,1628389,1610612748,71,2416.47333333333,1367.0,737.0,278.0,81.0,66.0,162.0,0.521,0.357,0.755
2023-24,1641767,1610612754,57,814.26,252.0,89.0,53.0,33.0,2.0,15.0,0.393,0.314,0.885
2023-24,1627732,1610612751,15,358.916666666667,92.0,119.0,86.0,12.0,9.0,27.0,0.581,0.0,0.4
2023-24,1631097,1610612754,59,1538.39,856.0,234.0,119.0,35.0,14.0,97.0,0.446,0.374,0.821
2023-24,1641731,1610612764,63,1715.25,532.0,256.0,110.0,57.0,48.0,87.0,0.435,0.346,0.702
2023-24,202687,1610612760,40,791.461666666667,174.0,209.0,53.0,11.0,37.0,42.0,0.565,0.0,0.481
2023-24,1631104,1610612759,61,875.925,268.0,94.0,166.0,29.0,9.0,55.0,0.474,0.218,0.667
2023-24,1626246,1610612745,14,70.91,45.0,32.0,6.0,1.0,2.0,5.0,0.529,0.0,0.643
2023-24,1626171,1610612749,82,2008.16666666667,1130.0,607.0,104.0,68.0,34.0,91.0,0.508,0.407,0.79
2023-24,203992,1610612737,79,2401.40833333333,1333.0,272.0,247.0,96.0,26.0,112.0,0.428,0.374,0.921
2023-24,202711,1610612752,57,1478.00333333333,868.0,152.0,97.0,30.0,5.0,101.0,0.454,0.398,0.785
2023-24,1629626,1610612756,43,469.028333333333,223.0,137.0,17.0,10.0,25.0,19.0,0.616,0.423,0.789
2023-24,1630538,1610612746,37,540.21,256.0,55.0,93.0,26.0,4.0,44.0,0.386,0.326,0.783
2023-24,203078,1610612756,53,1766.73333333333,964.0,232.0,265.0,52.0,27.0,131.0,0.513,0.43,0.813
2023-24,1641764,1610612744,74,1968.25333333333,682.0,427.0,273.0,61.0,14.0,88.0,0.454,0.385,0.633
2023-24,1630527,1610612746,32,345.171666666667,167.0,52.0,13.0,11.0,8.0,24.0,0.404,0.269,0.697
2023-24,1629634,1610612763,6,134.318333333333,68.0,32.0,9.0,5.0,6.0,3.0,0.559,0.167,0.143
2023-24,1627742,1610612740,64,2102.68,1332.0,324.0,363.0,50.0,40.0,163.0,0.492,0.355,0.801
2023-24,1641706,1610612766,74,2382.96333333333,1279.0,315.0,175.0,66.0,42.0,132.0,0.44,0.373,0.827
2023-24,1630314,1610612742,17,112.87,54.0,13.0,17.0,1.0,1.0,7.0,0.37,0.2,0.647
2023-24,1630296,1610612743,20,59.9833333333333,22.0,18.0,9.0,2.0,1.0,1.0,0.412,0.4,0.75
2023-24,1641729,1610612762,32,584.363333333333,241.0,102.0,55.0,13.0,6.0,47.0,0.39,0.296,0.902
2023-24,201572,1610612749,79,2411.15166666667,990.0,409.0,127.0,43.0,189.0,79.0,0.485,0.366,0.821
2023-24,1628971,1610612761,67,1865.36666666667,726.0,284.0,192.0,59.0,17.0,86.0,0.478,0.323,0.824
2023-24,1628981,1610612737,45,682.303333333333,282.0,193.0,46.0,25.0,28.0,44.0,0.583,0.0,0.667
2023-24,1631121,1610612766,59,881.595,302.0,102.0,51.0,21.0,10.0,30.0,0.439,0.333,0.776
2023-24,1631205,1610612765,10,84.0016666666667,34.0,10.0,3.0,0.0,1.0,0.0,0.31,0.32,0.8
2023-24,1627741,1610612755,84,2159.88833333333,1013.0,269.0,236.0,70.0,42.0,103.0,0.436,0.386,0.881
2023-24,203468,1610612740,66,2158.53666666667,1322.0,286.0,305.0,62.0,41.0,110.0,0.459,0.429,0.827
2023-24,1630595,1610612765,62,2074.225,1405.0,268.0,464.0,56.0,22.0,212.0,0.449,0.355,0.869
2023-24,1631216,1610612753,59,815.335,253.0,84.0,29.0,15.0,4.0,16.0,0.388,0.373,0.808
2023-24,1628997,1610612748,64,1756.55333333333,640.0,281.0,143.0,47.0,29.0,77.0,0.431,0.349,0.778
2023-24,1629629,1610612747,48,984.061666666667,260.0,99.0,48.0,47.0,14.0,31.0,0.389,0.336,0.759
2023-24,1630560,1610612751,66,2074.85,1482.0,214.0,192.0,45.0,16.0,124.0,0.442,0.364,0.856
2023-24,1641715,1610612745,47,880.333333333333,579.0,180.0,33.0,30.0,17.0,46.0,0.454,0.359,0.679
2023-24,1629661,1610612751,58,1599.03833333333,776.0,251.0,138.0,49.0,15.0,57.0,0.446,0.391,0.789
2023-24,1626166,1610612755,78,1304.07666666667,578.0,117.0,205.0,42.0,11.0,66.0,0.432,0.39,0.866
2023-24,1627747,1610612739,68,1958.08333333333,952.0,280.0,346.0,76.0,34.0,117.0,0.421,0.325,0.766
2023-24,1641717,1610612760,82,1691.92166666667,561.0,187.0,120.0,76.0,37.0,45.0,0.491,0.419,0.784
2023-24,1626224,1610612759,72,1268.75166666667,489.0,180.0,119.0,36.0,11.0,47.0,0.479,0.389,0.673
2023-24,1629646,1610612759,19,205.275,63.0,76.0,21.0,8.0,17.0,15.0,0.725,0.0,0.833
2023-24,1629718,1610612752,8,37.2833333333333,6.0,2.0,0.0,0.0,2.0,2.0,0.2,0.286,0.0
2023-24,1631096,1610612760,82,2412.79666666667,1357.0,648.0,200.0,53.0,190.0,131.0,0.53,0.37,0.793
2023-24,1629002,1610612765,51,858.906666666667,332.0,194.0,46.0,43.0,16.0,52.0,0.504,0.298,0.906
2023-24,1628449,1610612761,50,704.883333333333,322.0,207.0,23.0,14.0,24.0,28.0,0.507,0.33,0.772
2023-24,1630537,1610612758,59,719.518333333333,230.0,106.0,44.0,28.0,8.0,26.0,0.381,0.346,0.788
2023-24,1641753,1610612749,21,90.5333333333333,26.0,21.0,5.0,2.0,0.0,5.0,0.5,0.2,0.75
2023-24,101108,1610612744,58,1530.89,533.0,225.0,393.0,70.0,6.0,76.0,0.441,0.371,0.827
2023-24,1631128,1610612743,82,1655.565,600.0,306.0,132.0,42.0,35.0,55.0,0.46,0.384,0.694
2023-24,1626174,1610612747,50,871.943333333333,347.0,254.0,49.0,16.0,33.0,50.0,0.466,0.307,0.702
2023-24,1629643,1610612753,47,431.73,107.0,80.0,20.0,9.0,7.0,16.0,0.357,0.28,0.571
2023-24,203991,1610612737,73,1883.08666666667,836.0,776.0,91.0,43.0,106.0,74.0,0.571,0.0,0.631
2023-24,1629632,1610612741,79,2881.35666666667,1509.0,358.0,405.0,53.0,18.0,166.0,0.447,0.376,0.838
2023-24,1628998,1610612766,28,752.991666666667,211.0,109.0,104.0,32.0,18.0,44.0,0.381,0.314,0.606
2023-24,203469,1610612740,43,319.706666666667,76.0,112.0,39.0,9.0,5.0,16.0,0.419,0.333,0.605
2023-24,1641732,1610612758,30,191.736666666667,64.0,40.0,20.0,7.0,5.0,10.0,0.394,0.091,0.545
2023-24,1630175,1610612753,81,1817.31166666667,937.0,311.0,236.0,64.0,37.0,126.0,0.435,0.338,0.826
2023-24,1631306,1610612748,18,86.7983333333333,42.0,7.0,5.0,1.0,1.0,8.0,0.395,0.333,1.0
2023-24,1630658,1610612747,16,59.08,24.0,12.0,3.0,2.0,0.0,3.0,0.563,0.0,1.0
2023-24,1631221,1610612743,24,225.365,87.0,21.0,27.0,13.0,0.0,14.0,0.464,0.395,0.667
2023-24,1629012,1610612762,78,2074.76333333333,1458.0,205.0,383.0,62.0,18.0,165.0,0.487,0.394,0.859
2023-24,1630557,1610612764,80,2067.435,1070.0,225.0,157.0,42.0,16.0,98.0,0.486,0.383,0.726
2023-24,202709,1610612744,26,295.893333333333,63.0,30.0,42.0,4.0,3.0,12.0,0.359,0.31,0.571
2023-24,1641854,1610612739,51,649.355,285.0,109.0,118.0,21.0,15.0,45.0,0.509,0.353,0.732
2023-24,1626156,1610612747,76,2484.12833333333,1369.0,236.0,482.0,69.0,36.0,156.0,0.456,0.415,0.828
2023-24,1641793,1610612747,7,41.2433333333333,14.0,0.0,5.0,1.0,1.0,1.0,0.333,0.25,0.5
2023-24,1630618,1610612761,4,35.5333333333333,11.0,4.0,3.0,1.0,0.0,1.0,0.375,0.25,0.8
2023-24,1628391,1610612753,2,15.4666666666667,10.0,2.0,2.0,0.0,2.0,0.0,0.667,1.0,0.0
2023-24,1629610,1610612752,17,45.975,14.0,5.0,5.0,0.0,1.0,3.0,0.353,0.2,0.0
2023-24,1630227,1610612750,15,49.7833333333333,27.0,3.0,6.0,5.0,0.0,5.0,0.375,0.353,0.5
2023-24,1630625,1610612757,54,1046.84666666667,557.0,178.0,127.0,33.0,20.0,77.0,0.404,0.296,0.783
2023-24,1631207,1610612741,59,680.71,180.0,113.0,81.0,27.0,18.0,32.0,0.439,0.23,0.581
2023-24,1627745,1610612739,39,269.731666666667,107.0,62.0,15.0,7.0,13.0,13.0,0.597,0.214,0.857
2023-24,203081,1610612749,73,2578.42833333333,1775.0,320.0,508.0,72.0,18.0,193.0,0.424,0.354,0.92
2023-24,1629655,1610612742,74,1814.355,814.0,562.0,115.0,65.0,153.0,74.0,0.725,0.0,0.674
2023-24,1628464,1610612746,60,1014.84,376.0,244.0,61.0,21.0,51.0,42.0,0.532,0.366,0.76
2023-24,201568,1610612749,49,629.29,280.0,108.0,55.0,14.0,6.0,23.0,0.437,0.323,0.857
2023-24,201980,1610612755,2,18.45,0.0,2.0,1.0,1.0,0.0,0.0,0.0,0.0,0.0
2023-24,203957,1610612742,55,1087.62166666667,428.0,149.0,157.0,22.0,5.0,49.0,0.533,0.491,0.779
2023-24,1627863,1610612755,34,509.055,144.0,58.0,28.0,15.0,5.0,19.0,0.448,0.3,0.761
2023-24,203967,1610612744,64,1097.75166666667,515.0,283.0,144.0,31.0,10.0,78.0,0.466,0.376,0.849
2023-24,1641727,1610612751,2,23.9833333333333,3.0,4.0,3.0,0.0,1.0,0.0,0.2,0.0,0.5
2023-24,1629647,1610612762,9,151.825,48.0,28.0,7.0,6.0,7.0,8.0,0.6,0.25,0.833
2023-24,1629636,1610612739,57,1900.43833333333,1028.0,152.0,373.0,74.0,7.0,176.0,0.446,0.371,0.834
2023-24,1630561,1610612759,4,51.35,26.0,10.0,5.0,2.0,0.0,3.0,0.556,0.5,1.0
2023-24,1631223,1610612756,65,1176.98166666667,425.0,211.0,80.0,27.0,11.0,57.0,0.403,0.293,0.691
2023-24,1630558,1610612758,72,1101.1,379.0,95.0,134.0,17.0,3.0,43.0,0.452,0.361,0.714
2023-24,202722,1610612766,43,674.071666666667,290.0,61.0,35.0,26.0,12.0,18.0,0.393,0.38,0.909
2023-24,1630549,1610612751,61,920.575,415.0,389.0,85.0,24.0,44.0,70.0,0.571,0.267,0.61
2023-24,1628368,1610612758,74,2658.76333333333,1966.0,340.0,418.0,150.0,31.0,194.0,0.465,0.369,0.738
2023-24,1629631,1610612737,57,1681.09333333333,891.0,222.0,87.0,40.0,16.0,83.0,0.459,0.385,0.847
2023-24,1629001,1610612755,38,1023.33166666667,421.0,141.0,114.0,60.0,16.0,39.0,0.386,0.36,0.835
2023-24,201599,1610612743,36,395.716666666667,142.0,157.0,26.0,6.0,16.0,23.0,0.624,0.0,0.491
2023-24,1630610,1610612763,9,149.546666666667,43.0,44.0,26.0,6.0,2.0,9.0,0.34,0.308,0.455
2023-24,201942,1610612741,79,2988.56833333333,1897.0,340.0,421.0,90.0,45.0,135.0,0.48,0.333,0.853
2023-24,1629731,1610612739,54,1108.08,291.0,218.0,43.0,40.0,25.0,20.0,0.414,0.391,0.769
2023-24,1629028,1610612757,55,1783.49833333333,920.0,609.0,90.0,56.0,42.0,99.0,0.57,0.1,0.823
2023-24,1627749,1610612737,78,2783.34333333333,1753.0,416.0,502.0,111.0,24.0,201.0,0.459,0.363,0.794
2023-24,1626153,1610612748,47,741.566666666667,210.0,86.0,119.0,54.0,11.0,14.0,0.394,0.368,0.822
2023-24,1630166,1610612764,75,2256.64333333333,1102.0,540.0,286.0,59.0,36.0,160.0,0.506,0.374,0.74
2023-24,203471,1610612751,80,2485.945,1122.0,242.0,488.0,63.0,17.0,153.0,0.435,0.375,0.836
2023-24,1628372,1610612751,56,1058.65833333333,369.0,164.0,203.0,68.0,12.0,68.0,0.435,0.294,0.741
2023-24,1641726,1610612742,55,1294.28166666667,483.0,378.0,60.0,36.0,77.0,50.0,0.747,0.0,0.506
2023-24,1631220,1610612740,6,55.0833333333333,14.0,7.0,5.0,2.0,1.0,0.0,0.308,0.5,0.833
2023-24,1627884,1610612742,76,1782.85666666667,657.0,250.0,75.0,53.0,51.0,65.0,0.483,0.343,0.713
2023-24,201565,1610612763,24,399.336666666667,191.0,45.0,78.0,8.0,2.0,31.0,0.461,0.366,0.889
2023-24,1628401,1610612738,73,2380.985,1107.0,310.0,377.0,74.0,87.0,112.0,0.461,0.396,0.901
2023-24,1630217,1610612763,42,1442.84833333333,997.0,185.0,230.0,43.0,22.0,112.0,0.464,0.381,0.87
2023-24,1626164,1610612756,68,2446.65666666667,1841.0,308.0,472.0,61.0,28.0,178.0,0.492,0.364,0.886
2023-24,1630170,1610612759,68,2247.74333333333,1323.0,261.0,277.0,73.0,23.0,108.0,0.472,0.372,0.801
2023-24,1628984,1610612759,23,312.923333333333,114.0,36.0,49.0,9.0,2.0,17.0,0.352,0.301,0.813
2023-24,1641926,1610612742,4,29.8666666666667,22.0,9.0,4.0,0.0,1.0,3.0,0.526,0.125,0.333
2023-24,1628415,1610612745,72,2226.73833333333,915.0,246.0,119.0,64.0,10.0,88.0,0.428,0.359,0.844
2023-24,1631376,1610612752,2,2.13333333333333,0.0,0.0,0.0,0.0,0.0,0.0,0.0,0.0,0.0
2023-24,1627734,1610612758,82,2928.02166666667,1593.0,1120.0,673.0,74.0,48.0,272.0,0.594,0.379,0.704
2023-24,1631230,1610612759,33,419.54,144.0,113.0,36.0,12.0,14.0,9.0,0.496,0.333,0.69
2023-24,1628378,1610612739,55,1942.65,1463.0,280.0,333.0,101.0,30.0,154.0,0.462,0.368,0.865
2023-24,1628978,1610612752,81,2360.39333333333,1259.0,297.0,216.0,107.0,36.0,113.0,0.443,0.401,0.754
2023-24,1627827,1610612751,68,1934.59333333333,580.0,317.0,107.0,56.0,38.0,59.0,0.421,0.348,0.717
2023-24,203926,1610612754,64,904.478333333333,351.0,59.0,70.0,16.0,2.0,28.0,0.433,0.41,0.579
2023-24,203110,1610612744,55,1490.18333333333,475.0,398.0,332.0,55.0,47.0,135.0,0.497,0.395,0.73
2023-24,1629234,1610612756,75,1168.705,379.0,322.0,63.0,27.0,61.0,61.0,0.601,1.0,0.774
2023-24,1641809,1610612738,3,22.6833333333333,11.0,1.0,1.0,2.0,0.0,1.0,0.667,0.6,0.0
2023-24,1630696,1610612748,9,130.895,39.0,14.0,14.0,9.0,3.0,5.0,0.455,0.412,1.0
2023-24,1629130,1610612748,68,1905.44833333333,875.0,173.0,192.0,46.0,16.0,95.0,0.45,0.395,0.889
2023-24,1641871,1610612757,68,1214.115,617.0,250.0,67.0,33.0,38.0,52.0,0.461,0.359,0.742
2023-24,203939,1610612742,63,836.303333333333,208.0,214.0,84.0,26.0,20.0,32.0,0.679,0.333,0.708
2023-24,1629685,1610612737,17,108.41,43.0,16.0,10.0,2.0,0.0,2.0,0.5,0.481,0.0
2023-24,1630700,1610612740,61,1358.525,354.0,236.0,164.0,85.0,25.0,59.0,0.447,0.311,0.642
2023-24,1630604,1610612740,8,23.0833333333333,4.0,5.0,1.0,2.0,2.0,2.0,0.167,0.0,1.0
2023-24,1641734,1610612739,15,132.815,41.0,14.0,10.0,1.0,2.0,8.0,0.306,0.303,0.25
2023-24,201569,1610612756,68,1892.63,749.0,122.0,139.0,66.0,30.0,73.0,0.443,0.378,0.797
2023-24,1630647,1610612764,43,393.306666666667,207.0,85.0,35.0,27.0,5.0,21.0,0.485,0.283,0.653
2023-24,203095,1610612765,32,579.673333333333,220.0,58.0,48.0,29.0,7.0,21.0,0.357,0.254,0.806
2023-24,1630596,1610612739,50,1532.35,785.0,468.0,160.0,45.0,72.0,90.0,0.58,0.373,0.719
2023-24,1630196,1610612755,3,9.31,3.0,1.0,0.0,0.0,0.0,0.0,0.5,0.0,0.5
2023-24,1628373,1610612766,5,42.9,5.0,6.0,4.0,0.0,0.0,1.0,0.111,0.125,1.0
2023-24,1630532,1610612753,72,2337.41666666667,1421.0,381.0,269.0,76.0,28.0,137.0,0.482,0.281,0.85
2023-24,1627832,1610612745,73,2684.42666666667,1270.0,278.0,589.0,101.0,59.0,126.0,0.416,0.387,0.86
2023-24,1627788,1610612755,35,299.926666666667,88.0,30.0,25.0,14.0,3.0,10.0,0.395,0.35,0.7
2023-24,1641713,1610612763,48,1233.165,699.0,196.0,59.0,28.0,24.0,65.0,0.428,0.357,0.752
2023-24,1629216,1610612747,11,217.635,34.0,9.0,21.0,9.0,0.0,5.0,0.306,0.107,0.5
2023-24,202066,1610612761,27,288.753333333333,88.0,45.0,28.0,12.0,3.0,14.0,0.372,0.3,0.818
2023-24,1629726,1610612737,66,992.121666666667,325.0,92.0,37.0,20.0,8.0,19.0,0.456,0.44,0.81
2023-24,203914,1610612753,54,1297.34666666667,372.0,91.0,87.0,49.0,14.0,31.0,0.441,0.371,0.756
2023-24,1627780,1610612744,44,679.9,240.0,113.0,48.0,39.0,18.0,27.0,0.563,0.364,0.609
2023-24,1629018,1610612761,71,1993.59833333333,974.0,188.0,119.0,77.0,10.0,47.0,0.426,0.393,0.771
2023-24,1627777,1610612739,82,1831.125,768.0,278.0,98.0,30.0,18.0,72.0,0.449,0.376,0.85
2023-24,203507,1610612749,73,2567.24333333333,2222.0,841.0,476.0,87.0,79.0,250.0,0.611,0.274,0.657
2023-24,1629048,1610612753,62,957.086666666667,311.0,286.0,79.0,32.0,72.0,44.0,0.603,0.143,0.655
2023-24,202330,1610612760,51,1245.25,500.0,181.0,158.0,40.0,13.0,66.0,0.464,0.411,0.742
2023-24,1641711,1610612761,60,1267.66833333333,510.0,132.0,68.0,34.0,2.0,50.0,0.425,0.365,0.863
2023-24,1629684,1610612766,76,2129.56,784.0,318.0,174.0,44.0,39.0,109.0,0.456,0.375,0.757
2023-24,1628960,1610612756,75,2513.3,1014.0,295.0,227.0,69.0,45.0,95.0,0.499,0.461,0.878
2023-24,1630535,1610612742,6,39.7433333333333,15.0,9.0,4.0,0.0,4.0,4.0,0.455,0.333,0.444
2023-24,1630611,1610612744,23,192.09,82.0,49.0,14.0,4.0,2.0,7.0,0.509,0.37,0.941
2023-24,1628977,1610612764,2,4.75,2.0,2.0,1.0,2.0,0.0,1.0,0.5,0.0,0.0
2023-24,203084,1610612758,82,2380.87,1000.0,249.0,99.0,54.0,12.0,58.0,0.474,0.387,0.801
2023-24,1628385,1610612747,23,99.92,56.0,30.0,6.0,2.0,3.0,6.0,0.46,0.214,0.538
2023-24,1629312,1610612748,66,1365.835,405.0,210.0,70.0,53.0,30.0,34.0,0.465,0.396,0.639
2023-24,1630929,1610612741,4,29.9166666666667,11.0,4.0,4.0,2.0,1.0,2.0,0.4,0.333,0.5
2023-24,1630529,1610612740,76,2321.42833333333,837.0,272.0,199.0,105.0,62.0,93.0,0.498,0.418,0.867
2023-24,1641816,1610612743,18,47.9766666666667,20.0,9.0,2.0,1.0,0.0,2.0,0.4,0.286,0.0
2023-24,1630641,1610612757,22,225.818333333333,34.0,51.0,13.0,3.0,20.0,15.0,0.636,0.0,0.5
2023-24,1630193,1610612761,68,1985.33666666667,1156.0,259.0,331.0,50.0,10.0,101.0,0.434,0.395,0.853
2023-24,1630171,1610612739,69,1887.05666666667,647.0,206.0,132.0,57.0,34.0,54.0,0.49,0.391,0.679
2023-24,1628392,1610612752,75,1896.34833333333,582.0,626.0,188.0,87.0,85.0,93.0,0.644,0.333,0.707
2023-24,1630543,1610612754,60,770.905,383.0,238.0,50.0,34.0,61.0,39.0,0.665,0.0,0.716
2023-24,1630198,1610612760,78,1444.86666666667,636.0,180.0,99.0,46.0,22.0,47.0,0.458,0.416,0.865
2023-24,1630587,1610612765,23,469.396666666667,114.0,48.0,25.0,13.0,5.0,16.0,0.345,0.286,0.667
2023-24,1630600,1610612739,10,71.9216666666667,23.0,10.0,6.0,2.0,0.0,2.0,0.417,0.3,0.0
2023-24,1630191,1610612765,46,1422.81666666667,503.0,305.0,73.0,17.0,38.0,66.0,0.487,0.383,0.753
2023-24,202738,1610612756,6,19.3833333333333,8.0,0.0,3.0,0.0,0.0,0.0,0.3,0.5,0.0
2023-24,1631209,1610612754,1,4.28333333333333,2.0,0.0,0.0,0.0,0.0,0.0,0.333,0.0,0.0
2023-24,202397,1610612766,43,740.846666666667,139.0,76.0,145.0,17.0,4.0,47.0,0.418,0.5,0.75
2023-24,1630688,1610612756,11,62.39,23.0,14.0,1.0,4.0,1.0,2.0,0.292,0.35,1.0
2023-24,1627826,1610612746,68,1794.44833333333,794.0,626.0,93.0,22.0,83.0,79.0,0.649,0.0,0.723
2023-24,1631167,1610612740,1,3.38333333333333,4.0,2.0,0.0,0.0,0.0,0.0,0.4,0.0,0.0
2023-24,1631120,1610612738,8,39.01,16.0,10.0,10.0,1.0,1.0,2.0,0.417,0.429,0.75
2023-24,1630550,1610612766,63,780.626666666667,199.0,146.0,29.0,11.0,27.0,15.0,0.437,0.346,0.55
2023-24,1629630,1610612763,9,317.925,226.0,50.0,73.0,7.0,5.0,27.0,0.471,0.275,0.813
2023-24,201580,1610612758,46,339.361666666667,185.0,126.0,17.0,14.0,20.0,34.0,0.598,0.143,0.578
2023-24,1631095,1610612745,76,2423.845,1044.0,616.0,121.0,52.0,61.0,89.0,0.454,0.363,0.811
2023-24,1631133,1610612757,72,1700.57333333333,638.0,508.0,71.0,42.0,22.0,66.0,0.46,0.295,0.754
2023-24,1631298,1610612760,4,63.6483333333333,6.0,12.0,1.0,4.0,1.0,2.0,0.125,0.2,0.0
2023-24,1631367,1610612751,41,698.405,173.0,46.0,137.0,33.0,5.0,30.0,0.4,0.405,1.0
2023-24,1631210,1610612752,9,38.1516666666667,13.0,7.0,3.0,0.0,1.0,1.0,0.556,0.25,1.0
2023-24,1630702,1610612742,73,989.213333333333,530.0,131.0,109.0,22.0,4.0,62.0,0.407,0.362,0.776
2023-24,1631093,1610612765,77,2217.47666666667,1185.0,264.0,296.0,57.0,41.0,190.0,0.429,0.336,0.749
2023-24,1630183,1610612750,72,2105.45333333333,757.0,224.0,101.0,63.0,42.0,87.0,0.489,0.337,0.722
2023-24,1630531,1610612738,49,506.995,163.0,78.0,44.0,36.0,15.0,34.0,0.399,0.208,0.833
2023-24,203109,1610612749,50,1155.69833333333,312.0,161.0,66.0,38.0,9.0,23.0,0.422,0.349,0.722
2023-24,1630256,1610612745,65,1031.45666666667,265.0,197.0,64.0,42.0,15.0,37.0,0.472,0.299,0.667
2023-24,1630186,1610612761,7,121.085,47.0,22.0,8.0,7.0,0.0,7.0,0.439,0.273,0.833
2023-24,1631170,1610612748,75,2113.195,889.0,285.0,195.0,77.0,20.0,110.0,0.489,0.322,0.811
2023-24,1631222,1610612763,35,805.55,379.0,128.0,58.0,29.0,12.0,45.0,0.389,0.34,0.826
2023-24,1627751,1610612761,50,1319.10833333333,555.0,429.0,127.0,35.0,76.0,77.0,0.656,0.0,0.551
2023-24,1628973,1610612752,77,2726.30333333333,2212.0,278.0,519.0,70.0,13.0,186.0,0.479,0.401,0.847
2023-24,1630622,1610612740,1,2.65,0.0,0.0,0.0,0.0,0.0,0.0,0.0,0.0,0.0
2023-24,1631105,1610612765,61,1777.48166666667,841.0,709.0,147.0,33.0,47.0,129.0,0.619,0.0,0.79
2023-24,1630224,1610612745,82,2601.38166666667,1610.0,423.0,291.0,66.0,28.0,191.0,0.423,0.332,0.804
2023-24,1641720,1610612747,21,108.983333333333,34.0,13.0,8.0,3.0,2.0,9.0,0.222,0.133,0.6
2023-24,1630552,1610612737,56,1888.86666666667,896.0,488.0,203.0,67.0,47.0,101.0,0.511,0.355,0.728
2023-24,1629667,1610612761,50,538.006666666667,169.0,79.0,37.0,19.0,6.0,30.0,0.344,0.169,0.73
2023-24,1629618,1610612743,27,121.788333333333,42.0,14.0,21.0,4.0,0.0,9.0,0.429,0.36,0.75
2023-24,1641771,1610612758,12,36.975,8.0,7.0,2.0,1.0,1.0,2.0,0.667,0.0,0.0
2023-24,1630188,1610612754,61,1046.625,601.0,337.0,63.0,17.0,38.0,44.0,0.592,0.424,0.692
2023-24,1630591,1610612753,75,2024.59,943.0,229.0,205.0,106.0,47.0,132.0,0.471,0.397,0.756
2023-24,1631114,1610612760,71,2223.59833333333,1355.0,282.0,322.0,80.0,45.0,123.0,0.54,0.427,0.814
2023-24,1630592,1610612751,43,664.536666666667,214.0,131.0,45.0,11.0,4.0,19.0,0.425,0.324,0.826
2023-24,1631288,1610612748,26,259.091666666667,97.0,37.0,10.0,10.0,5.0,8.0,0.43,0.355,0.783
2023-24,1627750,1610612743,59,1861.37,1250.0,242.0,384.0,57.0,39.0,125.0,0.481,0.425,0.853
2023-24,1631123,1610612759,9,94.9,21.0,19.0,11.0,1.0,0.0,9.0,0.357,0.111,0.0
2023-24,1630547,1610612766,14,80.9,50.0,9.0,6.0,1.0,1.0,2.0,0.439,0.433,0.5
2023-24,201935,1610612746,72,2469.66833333333,1192.0,369.0,614.0,77.0,57.0,185.0,0.428,0.381,0.878
2023-24,201949,1610612754,9,47.195,8.0,4.0,8.0,5.0,1.0,5.0,0.3,0.0,1.0
2023-24,1630164,1610612765,63,1091.04333333333,446.0,336.0,54.0,12.0,39.0,66.0,0.613,0.0,0.706
2023-24,1641716,1610612754,33,340.423333333333,120.0,63.0,40.0,15.0,11.0,17.0,0.409,0.4,0.889
2023-24,1630215,1610612764,40,565.651666666667,251.0,58.0,126.0,29.0,8.0,50.0,0.488,0.308,0.861
2023-24,1631197,1610612765,17,245.016666666667,83.0,33.0,14.0,3.0,13.0,7.0,0.5,0.387,0.625
2023-24,1628991,1610612763,66,2124.18,1486.0,365.0,154.0,80.0,106.0,160.0,0.444,0.32,0.808
2023-24,1629020,1610612747,29,581.236666666667,150.0,138.0,36.0,36.0,5.0,28.0,0.518,0.296,0.667
2023-24,1628386,1610612739,77,2442.06166666667,1271.0,811.0,210.0,53.0,81.0,121.0,0.634,0.0,0.742
2023-24,1630554,1610612762,7,71.1333333333333,12.0,17.0,16.0,2.0,1.0,2.0,0.316,0.0,0.0
2023-24,1631241,1610612761,22,403.038333333333,153.0,70.0,40.0,10.0,4.0,25.0,0.444,0.238,0.917
2023-24,1629750,1610612741,9,230.4,110.0,67.0,5.0,10.0,8.0,7.0,0.6,0.37,0.769
2023-24,1630606,1610612755,1,0.666666666666667,0.0,0.0,0.0,0.0,0.0,0.0,0.0,0.0,0.0
2023-24,1629637,1610612747,70,877.133333333333,303.0,211.0,33.0,34.0,29.0,43.0,0.72,0.0,0.622
2023-24,1630643,1610612743,20,49.325,23.0,11.0,2.0,2.0,3.0,1.0,0.6,0.333,1.0
2023-24,1627759,1610612738,70,2342.52166666667,1610.0,387.0,249.0,83.0,37.0,166.0,0.499,0.354,0.703
2023-24,1629669,1610612758,13,213.763333333333,81.0,24.0,19.0,4.0,2.0,7.0,0.436,0.207,0.778
2023-24,1631119,1610612760,69,896.946666666667,276.0,234.0,110.0,28.0,27.0,34.0,0.417,0.368,0.805
2023-24,1628369,1610612738,74,2645.21333333333,1987.0,601.0,364.0,75.0,43.0,188.0,0.471,0.376,0.833
2023-24,1630288,1610612755,12,142.016666666667,52.0,20.0,27.0,7.0,1.0,5.0,0.556,0.474,0.75
2023-24,201145,1610612745,78,1307.33833333333,509.0,178.0,70.0,16.0,31.0,46.0,0.456,0.331,0.819
2023-24,203924,1610612757,54,1830.18666666667,1132.0,191.0,152.0,45.0,34.0,116.0,0.451,0.402,0.817
2023-24,1630526,1610612740,39,334.313333333333,115.0,76.0,21.0,10.0,4.0,16.0,0.474,0.333,0.75
2023-24,1631110,1610612759,74,2193.095,861.0,476.0,249.0,62.0,40.0,140.0,0.438,0.308,0.771
2023-24,1630579,1610612752,45,584.783333333333,92.0,147.0,25.0,8.0,19.0,16.0,0.691,0.0,0.667
2023-24,1631257,1610612745,14,60.1316666666667,20.0,13.0,3.0,1.0,2.0,0.0,0.643,0.0,1.0
2023-24,1629010,1610612744,22,80.7166666666667,31.0,6.0,5.0,1.0,3.0,2.0,0.333,0.118,0.636
2023-24,1641724,1610612753,18,66.5166666666667,29.0,7.0,6.0,2.0,2.0,3.0,0.333,0.28,0.5
2023-24,1628975,1610612741,72,1003.60166666667,357.0,60.0,94.0,37.0,16.0,36.0,0.378,0.329,0.571
2023-24,202710,1610612748,60,2042.05833333333,1246.0,318.0,298.0,79.0,17.0,102.0,0.499,0.414,0.858
2023-24,1629111,1610612745,56,763.46,274.0,172.0,65.0,20.0,33.0,31.0,0.515,0.25,0.8
2023-24,203925,1610612765,16,169.978333333333,39.0,13.0,10.0,3.0,2.0,4.0,0.359,0.333,0.5
2023-24,204060,1610612753,68,1169.03166666667,296.0,142.0,203.0,43.0,5.0,67.0,0.436,0.435,0.824
2023-24,203954,1610612755,39,1309.37166666667,1353.0,430.0,219.0,46.0,66.0,150.0,0.529,0.388,0.883
2023-24,1628381,1610612762,68,1901.06,1027.0,575.0,77.0,40.0,61.0,98.0,0.532,0.371,0.795
2023-24,1629723,1610612763,55,1173.57333333333,235.0,257.0,110.0,51.0,51.0,46.0,0.423,0.317,0.84
2023-24,1631098,1610612764,50,613.48,152.0,72.0,32.0,18.0,10.0,13.0,0.403,0.35,0.583
2023-24,1630548,1610612762,20,371.803333333333,144.0,36.0,23.0,4.0,2.0,13.0,0.464,0.416,0.714
2023-24,202685,1610612740,82,1924.83166666667,1002.0,721.0,173.0,33.0,68.0,111.0,0.559,0.308,0.785
2023-24,1628371,1610612753,58,914.61,393.0,260.0,30.0,43.0,70.0,27.0,0.51,0.375,0.72
2023-24,1630228,1610612744,74,1949.51333333333,1188.0,355.0,163.0,55.0,36.0,122.0,0.529,0.321,0.746
2023-24,1629007,1610612765,26,359.738333333333,115.0,82.0,60.0,20.0,20.0,21.0,0.385,0.333,0.833
2023-24,203903,1610612762,55,1682.34166666667,942.0,188.0,277.0,35.0,6.0,146.0,0.413,0.294,0.881
2023-24,1630259,1610612758,6,21.8166666666667,12.0,2.0,2.0,0.0,0.0,1.0,0.571,0.667,1.0
2023-24,1630692,1610612763,57,1055.77,368.0,253.0,155.0,48.0,18.0,56.0,0.369,0.298,0.746
2023-24,1641722,1610612740,67,1160.58,524.0,148.0,70.0,19.0,7.0,40.0,0.382,0.366,0.838
2023-24,1629162,1610612750,56,626.12,195.0,72.0,110.0,35.0,7.0,19.0,0.483,0.472,0.722
2023-24,1641757,1610612746,8,28.1916666666667,13.0,5.0,0.0,0.0,0.0,1.0,0.556,0.5,1.0
2023-24,1629670,1610612761,52,711.393333333333,364.0,149.0,62.0,26.0,13.0,53.0,0.462,0.336,0.83
2023-24,1629673,1610612764,78,2345.555,1356.0,212.0,343.0,86.0,25.0,188.0,0.413,0.326,0.877
2023-24,1641775,1610612738,9,83.4733333333333,15.0,20.0,5.0,5.0,1.0,3.0,0.4,0.222,0.5
2023-24,1630631,1610612740,56,1028.37,397.0,128.0,117.0,59.0,15.0,40.0,0.412,0.377,0.673
2023-24,1630581,1610612760,80,2011.55833333333,986.0,514.0,386.0,52.0,44.0,168.0,0.475,0.337,0.806
2023-24,1630182,1610612742,57,1504.72,469.0,184.0,130.0,47.0,9.0,60.0,0.479,0.385,0.684
2023-24,1628404,1610612752,81,2706.77166666667,761.0,675.0,331.0,75.0,23.0,118.0,0.434,0.31,0.791
2023-24,1631169,1610612750,32,91.4283333333333,50.0,17.0,8.0,5.0,5.0,2.0,0.472,0.4,0.857
2023-24,1629006,1610612756,60,959.715,277.0,154.0,64.0,48.0,24.0,36.0,0.417,0.309,0.745
2023-24,1626196,1610612748,43,1102.83,425.0,121.0,105.0,24.0,14.0,36.0,0.444,0.347,0.944
2023-24,1630563,1610612746,2,10.2666666666667,2.0,1.0,0.0,0.0,1.0,4.0,0.333,0.0,0.0
2023-24,201950,1610612738,69,2263.27833333333,860.0,373.0,333.0,61.0,53.0,124.0,0.48,0.429,0.833
2023-24,1629308,1610612758,11,52.6633333333333,7.0,14.0,4.0,1.0,1.0,2.0,0.25,0.25,0.0
2023-24,1631262,1610612764,19,149.275,74.0,26.0,16.0,3.0,1.0,8.0,0.453,0.379,0.556
2023-24,1630577,1610612759,74,1467.875,504.0,206.0,103.0,48.0,42.0,57.0,0.408,0.365,0.815
2023-24,1641763,1610612741,40,322.55,89.0,36.0,13.0,7.0,7.0,10.0,0.416,0.316,0.684
2023-24,1631124,1610612743,50,545.415,227.0,61.0,47.0,17.0,7.0,23.0,0.369,0.297,0.71
2023-24,203944,1610612752,46,1630.095,1102.0,423.0,229.0,25.0,12.0,159.0,0.472,0.311,0.781
2023-24,1630551,1610612764,15,234.838333333333,89.0,53.0,19.0,10.0,9.0,10.0,0.41,0.289,0.8
2023-24,203200,1610612743,58,862.013333333333,234.0,71.0,67.0,36.0,9.0,14.0,0.454,0.404,0.75
2023-24,1628382,1610612750,2,0.7,0.0,0.0,0.0,0.0,0.0,0.0,0.0,0.0,0.0
2023-24,1631303,1610612757,34,380.983333333333,61.0,56.0,21.0,9.0,10.0,9.0,0.297,0.245,0.556
2023-24,203994,1610612756,76,2078.035,829.0,837.0,301.0,81.0,80.0,175.0,0.51,0.244,0.64
2023-24,1630231,1610612755,60,746.495,224.0,131.0,51.0,22.0,12.0,32.0,0.536,0.286,0.537
2023-24,1629232,1610612740,1,7.43333333333333,0.0,1.0,0.0,0.0,0.0,0.0,0.0,0.0,0.0
2023-24,1626157,1610612750,62,2025.565,1349.0,515.0,189.0,43.0,41.0,177.0,0.504,0.416,0.873
2023-24,202695,1610612746,68,2330.04,1613.0,416.0,244.0,111.0,59.0,119.0,0.525,0.417,0.885
2023-24,1631099,1610612758,77,2588.56666666667,1172.0,420.0,129.0,79.0,59.0,64.0,0.454,0.358,0.831
2023-24,1628966,1610612751,53,664.59,197.0,110.0,38.0,25.0,22.0,15.0,0.434,0.304,0.762
2023-24,1629640,1610612759,69,2038.36166666667,1084.0,377.0,195.0,51.0,20.0,100.0,0.454,0.346,0.792
2023-24,203482,1610612761,78,1758.73,762.0,411.0,347.0,74.0,30.0,152.0,0.555,0.387,0.833
2023-24,1626162,1610612755,68,2055.32,1049.0,341.0,101.0,77.0,47.0,87.0,0.441,0.311,0.75
2023-24,1631112,1610612754,15,62.5083333333333,21.0,5.0,5.0,0.0,0.0,2.0,0.533,0.0,0.625
2023-24,1631254,1610612762,21,198.301666666667,96.0,38.0,33.0,6.0,5.0,14.0,0.462,0.292,0.654
2023-24,1629026,1610612760,69,1029.00666666667,325.0,209.0,93.0,38.0,9.0,32.0,0.468,0.397,0.5
2023-24,203484,1610612743,76,2401.75666666667,766.0,183.0,183.0,98.0,42.0,75.0,0.46,0.406,0.894
2023-24,1631165,1610612758,57,978.485,310.0,124.0,85.0,51.0,29.0,37.0,0.461,0.417,0.743
2023-24,1630553,1610612751,5,61.4016666666667,31.0,7.0,3.0,3.0,1.0,5.0,0.381,0.4,0.917
2023-24,1630556,1610612758,54,274.741666666667,93.0,42.0,15.0,10.0,4.0,4.0,0.415,0.385,0.556
2023-24,201142,1610612756,75,2790.63666666667,2032.0,495.0,378.0,69.0,91.0,244.0,0.523,0.413,0.856
2023-24,1628989,1610612758,64,1562.22666666667,655.0,224.0,166.0,45.0,23.0,53.0,0.443,0.361,0.766
2023-24,1628995,1610612757,31,560.233333333333,223.0,75.0,23.0,13.0,7.0,22.0,0.462,0.33,0.909
2023-24,201567,1610612748,55,924.263333333333,485.0,338.0,115.0,18.0,10.0,48.0,0.44,0.344,0.787
2023-24,1630284,1610612753,2,6.05,4.0,2.0,1.0,0.0,0.0,1.0,0.667,0.0,0.0
2023-24,1626172,1610612744,74,1194.42833333333,334.0,419.0,133.0,28.0,29.0,50.0,0.597,0.0,0.675
2023-24,1641749,1610612760,9,66.2,11.0,10.0,4.0,1.0,0.0,4.0,0.313,0.333,0.0
2023-24,1641718,1610612762,75,2022.57666666667,974.0,211.0,332.0,36.0,7.0,188.0,0.391,0.334,0.848
2023-24,203114,1610612749,55,1487.27,828.0,257.0,292.0,51.0,15.0,127.0,0.493,0.381,0.833
2023-24,1630165,1610612765,42,1007.65833333333,289.0,119.0,205.0,36.0,20.0,51.0,0.413,0.297,0.66
2023-24,1630184,1610612762,28,264.236666666667,89.0,26.0,37.0,9.0,2.0,14.0,0.37,0.121,0.85
2023-24,202691,1610612744,77,2284.16833333333,1375.0,254.0,176.0,50.0,35.0,117.0,0.432,0.387,0.927
2023-24,1641738,1610612746,44,393.998333333333,89.0,62.0,25.0,12.0,6.0,9.0,0.411,0.292,0.5
2023-24,1641723,1610612737,17,196.003333333333,81.0,33.0,27.0,7.0,5.0,10.0,0.37,0.225,0.5
2023-24,1628424,1610612761,4,67.4333333333333,20.0,7.0,12.0,6.0,2.0,1.0,0.429,0.25,0.0
2023-24,1627739,1610612762,66,1249.17666666667,357.0,189.0,254.0,68.0,28.0,79.0,0.47,0.369,0.688
2023-24,1631200,1610612757,62,1348.27166666667,376.0,224.0,80.0,53.0,21.0,55.0,0.396,0.268,0.661
2023-24,204001,1610612738,57,1689.94833333333,1145.0,409.0,115.0,42.0,111.0,89.0,0.516,0.375,0.858
2023-24,203937,1610612750,79,1781.88166666667,506.0,273.0,331.0,71.0,47.0,91.0,0.46,0.229,0.708
2023-24,1628398,1610612764,70,2281.14166666667,1553.0,464.0,296.0,37.0,49.0,192.0,0.463,0.336,0.775
2023-24,200768,1610612755,60,1689.76666666667,487.0,194.0,253.0,59.0,21.0,85.0,0.432,0.392,0.84
2023-24,202681,1610612742,58,2029.60833333333,1487.0,290.0,299.0,74.0,28.0,106.0,0.497,0.411,0.905
2023-24,1630163,1610612766,22,711.35,526.0,113.0,176.0,40.0,4.0,83.0,0.433,0.355,0.865
2023-24,1630205,1610612763,38,559.013333333333,272.0,127.0,28.0,23.0,22.0,24.0,0.45,0.304,0.778
2023-24,1629013,1610612764,46,726.496666666667,327.0,62.0,54.0,25.0,10.0,30.0,0.431,0.338,0.826
2023-24,1626204,1610612740,61,1216.13833333333,350.0,307.0,113.0,61.0,19.0,49.0,0.573,0.415,0.77
2023-24,1628374,1610612762,55,1819.74666666667,1278.0,449.0,110.0,50.0,26.0,77.0,0.48,0.399,0.899
2023-24,2544,1610612747,71,2503.68333333333,1822.0,518.0,589.0,89.0,38.0,245.0,0.54,0.41,0.75
2023-24,1641778,1610612766,26,284.081666666667,69.0,48.0,24.0,8.0,11.0,6.0,0.481,0.45,0.667
2023-24,1631159,1610612750,17,52.4,29.0,20.0,8.0,2.0,1.0,1.0,0.65,0.4,0.5
2023-24,1631311,1610612744,37,394.455,164.0,72.0,36.0,6.0,2.0,17.0,0.397,0.364,0.69
2023-24,1629623,1610612749,3,7.63,6.0,0.0,0.0,0.0,0.0,1.0,0.4,0.0,1.0
2023-24,1630322,1610612760,38,280.208333333333,137.0,40.0,24.0,5.0,7.0,7.0,0.471,0.435,1.0
2023-24,1629022,1610612751,58,1011.14,565.0,127.0,74.0,32.0,20.0,51.0,0.423,0.384,0.763
2023-24,1629652,1610612760,79,2245.97166666667,860.0,284.0,113.0,71.0,47.0,74.0,0.438,0.394,0.826
2023-24,1629029,1610612742,70,2624.04,2370.0,647.0,686.0,99.0,38.0,282.0,0.487,0.382,0.786
2023-24,1630568,1610612750,25,121.84,99.0,31.0,4.0,4.0,1.0,6.0,0.48,0.281,0.72
2023-24,1629677,1610612762,43,404.376666666667,177.0,102.0,19.0,5.0,7.0,28.0,0.38,0.203,0.786
2023-24,1628379,1610612763,39,999.046666666667,429.0,113.0,136.0,20.0,2.0,54.0,0.448,0.45,0.889
2023-24,1628436,1610612738,63,983.31,334.0,261.0,67.0,23.0,61.0,21.0,0.7,1.0,0.907
2023-24,1630201,1610612765,69,876.921666666667,380.0,114.0,130.0,38.0,8.0,63.0,0.418,0.331,0.732
2023-24,1631103,1610612759,75,1594.32666666667,690.0,148.0,156.0,27.0,8.0,91.0,0.432,0.347,0.873
2023-24,1627763,1610612757,39,1120.81666666667,613.0,148.0,214.0,27.0,8.0,60.0,0.44,0.412,0.819
2023-24,1630608,1610612765,1,2.58333333333333,0.0,0.0,0.0,0.0,0.0,0.0,0.0,0.0,0.0
2023-24,1627736,1610612749,79,2337.37166666667,889.0,290.0,108.0,59.0,9.0,54.0,0.443,0.413,0.714
2023-24,1628370,1610612758,72,1872.30666666667,1110.0,212.0,370.0,45.0,39.0,150.0,0.443,0.35,0.829
2023-24,1642013,1610612761,7,106.508333333333,19.0,38.0,2.0,3.0,4.0,3.0,0.265,0.2,0.0
2023-24,1629603,1610612752,6,24.435,12.0,4.0,2.0,1.0,1.0,1.0,0.667,0.0,0.667
2023-24,1641970,1610612763,7,121.633333333333,48.0,37.0,2.0,6.0,4.0,5.0,0.514,0.385,0.7
2023-24,1630699,1610612749,48,607.688333333333,211.0,99.0,31.0,13.0,7.0,27.0,0.488,0.4,0.679
2023-24,202694,1610612739,49,816.976666666667,316.0,134.0,36.0,15.0,13.0,30.0,0.439,0.403,0.818
2023-24,1631204,1610612765,71,1351.11,586.0,125.0,236.0,44.0,12.0,90.0,0.428,0.375,0.879
2023-24,203935,1610612763,20,604.845,289.0,53.0,86.0,41.0,5.0,62.0,0.43,0.313,0.768
2023-24,1631109,1610612766,19,508.391666666667,242.0,184.0,22.0,16.0,20.0,17.0,0.649,0.0,0.719
2023-24,1628365,1610612753,43,909.938333333333,335.0,138.0,120.0,42.0,15.0,50.0,0.472,0.222,0.697
2023-24,202693,1610612742,26,216.388333333333,66.0,39.0,16.0,5.0,3.0,12.0,0.338,0.357,0.833
2023-24,1641806,1610612761,1,3.51666666666667,2.0,2.0,2.0,1.0,0.0,0.0,0.0,0.0,1.0
2023-24,1629716,1610612766,11,121.28,37.0,34.0,4.0,3.0,7.0,3.0,0.68,0.0,0.75
2023-24,1628963,1610612764,50,1053.35166666667,583.0,312.0,55.0,20.0,33.0,59.0,0.586,0.391,0.762
2023-24,1630222,1610612758,5,27.6833333333333,7.0,5.0,5.0,1.0,0.0,2.0,0.25,0.286,0.5
2023-24,203486,1610612746,46,673.926666666667,244.0,234.0,55.0,14.0,17.0,36.0,0.569,0.0,0.707
2023-24,1629680,1610612757,65,1487.38333333333,354.0,136.0,90.0,113.0,49.0,40.0,0.397,0.346,0.759
2023-24,1630562,1610612763,8,113.238333333333,32.0,16.0,4.0,3.0,3.0,2.0,0.353,0.25,1.0
2023-24,1630346,1610612740,28,390.385,152.0,40.0,18.0,6.0,1.0,19.0,0.434,0.451,0.929
2023-24,1631108,1610612747,67,944.318333333333,284.0,142.0,60.0,20.0,17.0,35.0,0.427,0.356,0.783
2023-24,1629622,1610612739,70,2239.175,853.0,338.0,283.0,64.0,29.0,112.0,0.418,0.351,0.794
2023-24,1628467,1610612742,43,871.411666666667,191.0,143.0,68.0,17.0,30.0,28.0,0.432,0.348,0.702
2023-24,1641721,1610612747,34,102.825,11.0,4.0,6.0,2.0,1.0,10.0,0.19,0.111,0.667
2023-24,1630695,1610612762,16,186.06,53.0,43.0,6.0,4.0,6.0,5.0,0.475,0.429,0.75
2023-24,1629008,1610612743,81,2564.605,1356.0,565.0,122.0,42.0,53.0,92.0,0.484,0.397,0.836
2023-24,1628969,1610612751,82,2854.24,1606.0,372.0,299.0,81.0,30.0,164.0,0.436,0.372,0.814
2023-24,201144,1610612750,76,2193.45833333333,869.0,218.0,449.0,88.0,17.0,102.0,0.457,0.442,0.911
2023-24,203488,1610612760,53,600.18,157.0,125.0,37.0,9.0,13.0,22.0,0.359,0.292,0.68
2023-24,1628970,1610612766,69,2581.11666666667,1449.0,505.0,231.0,65.0,33.0,138.0,0.462,0.349,0.825
2023-24,1630540,1610612752,68,1327.74,562.0,100.0,114.0,50.0,7.0,30.0,0.452,0.41,0.86
2023-24,1629011,1610612752,31,768.11,173.0,263.0,18.0,37.0,35.0,25.0,0.575,0.0,0.409
2023-24,1628964,1610612755,57,740.351666666667,253.0,238.0,41.0,22.0,60.0,39.0,0.49,0.391,0.68
2023-24,1628420,1610612750,33,476.043333333333,164.0,57.0,69.0,19.0,9.0,7.0,0.405,0.386,0.684
2023-24,1629021,1610612753,80,1414.73666666667,868.0,347.0,96.0,39.0,21.0,97.0,0.601,0.33,0.814
2023-24,1629650,1610612757,22,199.978333333333,75.0,86.0,7.0,5.0,7.0,11.0,0.508,0.0,0.29
2023-24,1630541,1610612744,66,1155.885,533.0,196.0,57.0,42.0,24.0,44.0,0.462,0.36,0.785
2023-24,1631338,1610612761,11,119.941666666667,26.0,23.0,5.0,3.0,18.0,12.0,0.289,0.0,0.444
2023-24,1631243,1610612737,6,72.8,24.0,22.0,4.0,5.0,4.0,1.0,0.348,0.333,0.833
2023-24,1631217,1610612746,11,64.2383333333333,29.0,24.0,4.0,5.0,1.0,2.0,0.526,0.0,0.643
2023-24,1626167,1610612754,77,2076.43666666667,1313.0,533.0,100.0,39.0,144.0,109.0,0.524,0.358,0.773
2023-24,1630230,1610612740,66,1257.12333333333,466.0,240.0,128.0,49.0,12.0,65.0,0.463,0.387,0.791
2023-24,1629642,1610612756,45,458.283333333333,152.0,75.0,21.0,10.0,10.0,14.0,0.46,0.3,0.85
2023-24,1630207,1610612745,15,74.5516666666667,33.0,22.0,10.0,3.0,2.0,3.0,0.423,0.5,0.8
2023-24,1631466,1610612745,22,129.385,63.0,23.0,7.0,4.0,1.0,4.0,0.54,0.4,0.538
2023-24,1641877,1610612766,25,306.641666666667,33.0,65.0,9.0,6.0,14.0,14.0,0.429,0.0,0.75
2023-24,1629675,1610612750,81,1963.82833333333,1090.0,423.0,106.0,63.0,73.0,111.0,0.477,0.414,0.736
2023-24,1629674,1610612738,28,333.216666666667,154.0,122.0,20.0,13.0,21.0,13.0,0.644,0.0,0.714
2023-24,1629651,1610612751,71,2115.66333333333,841.0,706.0,147.0,46.0,146.0,93.0,0.629,0.2,0.551
2023-24,1630208,1610612766,67,1758.73666666667,652.0,539.0,54.0,26.0,74.0,73.0,0.691,0.0,0.737
2023-24,1641733,1610612766,51,728.71,302.0,72.0,59.0,10.0,7.0,39.0,0.391,0.432,0.867
2023-24,1629638,1610612750,82,1920.91833333333,655.0,167.0,204.0,64.0,42.0,76.0,0.439,0.391,0.8
2023-24,201587,1610612755,60,1529.58666666667,320.0,248.0,128.0,48.0,38.0,40.0,0.453,0.395,0.714
2023-24,203999,1610612743,79,2736.53333333333,2085.0,976.0,708.0,108.0,68.0,237.0,0.583,0.359,0.817
2023-24,1631107,1610612748,46,896.236666666667,352.0,192.0,90.0,25.0,14.0,42.0,0.452,0.399,0.702
2023-24,202696,1610612741,76,2609.50166666667,1370.0,801.0,254.0,50.0,60.0,120.0,0.484,0.294,0.822
2023-24,1641730,1610612751,23,369.858333333333,133.0,81.0,18.0,8.0,16.0,15.0,0.538,0.364,0.7
2023-24,1626181,1610612746,76,1990.37833333333,1056.0,195.0,82.0,43.0,22.0,66.0,0.486,0.435,0.831
2023-24,1628384,1610612752,50,1702.035,733.0,208.0,107.0,68.0,36.0,81.0,0.489,0.382,0.753
2023-24,1630167,1610612754,82,1730.60166666667,843.0,320.0,128.0,47.0,43.0,69.0,0.573,0.403,0.77
2023-24,1630534,1610612761,78,1641.61166666667,455.0,216.0,83.0,47.0,44.0,64.0,0.411,0.294,0.661
2023-24,1630846,1610612760,15,98.2016666666667,34.0,36.0,2.0,0.0,7.0,3.0,0.579,0.333,0.667
2023-24,1641765,1610612742,40,336.211666666667,121.0,79.0,22.0,7.0,4.0,8.0,0.385,0.289,0.683
2023-24,1630209,1610612762,48,545.101666666667,222.0,208.0,29.0,8.0,18.0,37.0,0.538,0.208,0.679
2023-24,1641931,1610612741,23,267.991666666667,80.0,32.0,13.0,3.0,2.0,10.0,0.381,0.273,0.8
2023-24,1630168,1610612737,55,1404.73666666667,561.0,376.0,74.0,26.0,60.0,45.0,0.611,0.333,0.793
2023-24,1631115,1610612748,36,303.69,99.0,84.0,34.0,7.0,8.0,18.0,0.5,0.533,0.76
2023-24,1631131,1610612754,8,41.9166666666667,26.0,16.0,2.0,2.0,1.0,0.0,0.5,0.0,0.75
2023-24,1629052,1610612738,55,630.165,201.0,160.0,44.0,19.0,8.0,20.0,0.444,0.273,0.602
2023-24,203490,1610612761,15,174.073333333333,39.0,29.0,8.0,5.0,5.0,2.0,0.424,0.348,1.0
2023-24,1631172,1610612760,33,364.953333333333,133.0,51.0,37.0,8.0,5.0,19.0,0.422,0.3,0.875
2023-24,200782,1610612746,31,486.313333333333,52.0,85.0,16.0,16.0,7.0,8.0,0.36,0.371,1.0
2023-24,1629023,1610612742,73,2220.67833333333,939.0,411.0,141.0,72.0,59.0,96.0,0.436,0.32,0.683
2023-24,1631094,1610612753,80,2798.70166666667,1804.0,554.0,431.0,71.0,47.0,247.0,0.455,0.339,0.725
2023-24,1627783,1610612754,80,2657.88833333333,1737.0,565.0,342.0,63.0,25.0,141.0,0.536,0.346,0.732
2023-24,1626192,1610612749,76,1676.28,428.0,239.0,161.0,40.0,19.0,49.0,0.435,0.345,0.759
2023-24,1630311,1610612744,6,25.65,4.0,4.0,5.0,0.0,0.0,1.0,0.5,0.0,0.0
2023-24,1631116,1610612764,38,493.508333333333,168.0,123.0,29.0,18.0,15.0,19.0,0.381,0.32,0.679
2023-24,201976,1610612749,73,1462.51166666667,451.0,239.0,212.0,43.0,31.0,65.0,0.417,0.337,0.822
2023-24,1630172,1610612741,43,1174.085,429.0,166.0,66.0,40.0,33.0,57.0,0.443,0.399,0.788
2023-24,201988,1610612748,32,415.315,127.0,35.0,34.0,20.0,1.0,16.0,0.351,0.276,1.0
2023-24,202331,1610612746,74,2501.76666666667,1671.0,388.0,262.0,113.0,37.0,153.0,0.471,0.413,0.907
2023-24,1630194,1610612755,82,1589.50166666667,600.0,488.0,109.0,67.0,84.0,67.0,0.54,0.368,0.718
2023-24,1630202,1610612738,82,1825.73333333333,787.0,265.0,281.0,39.0,6.0,61.0,0.468,0.385,0.821
2023-24,1631250,1610612739,8,27.35,3.0,3.0,0.0,1.0,0.0,1.0,0.167,1.0,0.0
2023-24,1631212,1610612743,80,1487.83666666667,532.0,258.0,86.0,42.0,88.0,58.0,0.465,0.296,0.67
2023-24,1630173,1610612752,74,1623.75333333333,565.0,487.0,97.0,46.0,68.0,83.0,0.501,0.268,0.616
2023-24,1629656,1610612765,51,1024.94333333333,359.0,100.0,66.0,35.0,7.0,28.0,0.372,0.338,0.756
2023-24,1631245,1610612754,3,10.5333333333333,2.0,4.0,2.0,1.0,0.0,0.0,0.0,0.0,1.0
2023-24,1630181,1610612748,8,76.0216666666667,10.0,6.0,8.0,0.0,0.0,3.0,0.286,0.125,0.5
2023-24,1629628,1610612761,58,1838.13333333333,1170.0,315.0,193.0,31.0,22.0,126.0,0.495,0.36,0.715
2023-24,1630564,1610612759,3,39.0333333333333,23.0,7.0,6.0,1.0,1.0,1.0,0.588,0.429,0.0
2023-24,1641712,1610612757,39,633.225,155.0,92.0,62.0,12.0,3.0,31.0,0.335,0.359,0.76
2023-24,203493,1610612745,44,417.473333333333,96.0,73.0,15.0,12.0,5.0,10.0,0.415,0.403,1.0
2023-24,202704,1610612743,82,1816.82,833.0,155.0,308.0,44.0,12.0,106.0,0.431,0.359,0.806
2023-24,1626158,1610612764,40,554.11,199.0,182.0,25.0,11.0,19.0,24.0,0.558,0.333,0.723
2023-24,1641741,1610612755,32,288.64,173.0,46.0,16.0,8.0,1.0,5.0,0.482,0.375,0.746
2023-24,203496,1610612755,29,488.415,127.0,97.0,24.0,39.0,18.0,11.0,0.439,0.339,0.846
2023-24,1629057,1610612757,6,118.75,41.0,38.0,5.0,7.0,7.0,7.0,0.654,0.0,0.778
2023-24,201577,1610612749,16,64.73,18.0,5.0,4.0,1.0,3.0,2.0,0.368,0.25,1.0
2023-24,1631199,1610612761,1,3.65,0.0,0.0,1.0,0.0,0.0,0.0,0.0,0.0,0.0
2023-24,1626220,1610612756,79,1954.24166666667,608.0,377.0,219.0,59.0,44.0,73.0,0.397,0.37,0.686
2023-24,203497,1610612750,76,2593.11333333333,1061.0,982.0,102.0,52.0,162.0,118.0,0.661,0.0,0.638
2023-24,1629060,1610612747,68,1825.49333333333,923.0,294.0,81.0,41.0,25.0,46.0,0.537,0.422,0.739
2023-24,201566,1610612746,68,1528.81666666667,754.0,343.0,306.0,74.0,23.0,144.0,0.454,0.273,0.688
2023-24,1627853,1610612752,20,45.155,0.0,8.0,4.0,2.0,0.0,2.0,0.0,0.0,0.0
2023-24,1631157,1610612749,13,77.85,44.0,13.0,14.0,10.0,3.0,8.0,0.519,0.75,0.765
2023-24,1630240,1610612756,24,184.971666666667,71.0,31.0,30.0,7.0,3.0,8.0,0.364,0.125,0.744
2023-24,1630180,1610612737,63,2061.65833333333,863.0,411.0,92.0,51.0,11.0,54.0,0.416,0.316,0.837
2023-24,1630573,1610612738,79,1740.585,712.0,276.0,82.0,40.0,25.0,32.0,0.446,0.424,0.895
2023-24,1630241,1610612739,61,1068.91833333333,485.0,120.0,108.0,19.0,4.0,19.0,0.402,0.404,0.929
2023-24,1630572,1610612759,46,450.958333333333,190.0,147.0,49.0,7.0,12.0,19.0,0.471,0.297,0.735
2023-24,1630583,1610612763,61,1618.05666666667,654.0,352.0,138.0,43.0,54.0,69.0,0.435,0.349,0.621
2023-24,1628426,1610612758,42,511.073333333333,225.0,96.0,19.0,20.0,7.0,12.0,0.44,0.375,0.8
2023-24,1630703,1610612757,62,1765.39333333333,868.0,194.0,336.0,48.0,13.0,212.0,0.385,0.325,0.819
2023-24,1630567,1610612761,60,2094.24833333333,1191.0,494.0,363.0,75.0,88.0,165.0,0.475,0.341,0.781
2023-24,1630590,1610612763,21,526.828333333333,271.0,67.0,98.0,36.0,10.0,56.0,0.493,0.417,0.745
2023-24,203552,1610612766,44,615.413333333333,226.0,68.0,44.0,22.0,6.0,21.0,0.392,0.352,0.903
2023-24,1641754,1610612737,9,51.9833333333333,14.0,7.0,0.0,0.0,0.0,1.0,0.235,0.231,0.75
2023-24,1631101,1610612757,32,1059.01833333333,510.0,160.0,94.0,28.0,12.0,72.0,0.406,0.333,0.824
2023-24,1628983,1610612760,75,2552.68666666667,2254.0,415.0,465.0,150.0,67.0,162.0,0.535,0.353,0.874
2023-24,1629003,1610612752,48,581.16,216.0,75.0,60.0,19.0,6.0,31.0,0.405,0.281,0.816
2023-24,1627885,1610612763,3,5.96666666666667,2.0,2.0,0.0,0.0,1.0,0.0,0.5,0.0,0.0
2023-24,1631321,1610612759,12,140.918333333333,45.0,22.0,10.0,7.0,3.0,3.0,0.485,0.083,0.8
2023-24,1631323,1610612765,66,1643.89333333333,692.0,246.0,101.0,44.0,23.0,68.0,0.46,0.401,0.818
2023-24,1630219,1610612747,38,433.271666666667,155.0,43.0,85.0,21.0,4.0,20.0,0.396,0.296,0.765
2023-24,203915,1610612747,76,2152.40833333333,795.0,205.0,356.0,51.0,22.0,91.0,0.392,0.337,0.805
2023-24,1630649,1610612765,24,307.121666666667,127.0,51.0,11.0,8.0,7.0,14.0,0.44,0.453,0.906
2023-24,201939,1610612744,74,2421.53833333333,1956.0,330.0,379.0,54.0,28.0,210.0,0.45,0.408,0.923
2023-24,1629004,1610612738,41,413.163333333333,162.0,51.0,35.0,11.0,1.0,12.0,0.416,0.389,0.667
2023-24,204456,1610612754,71,1290.97666666667,727.0,191.0,390.0,72.0,8.0,108.0,0.556,0.409,0.79
2023-24,203933,1610612750,11,124.673333333333,41.0,22.0,9.0,4.0,1.0,4.0,0.439,0.154,0.75
2023-24,201959,1610612765,20,204.503333333333,34.0,37.0,11.0,3.0,7.0,5.0,0.405,0.2,1.0
2023-24,1629659,1610612762,51,1008.69833333333,516.0,121.0,177.0,45.0,19.0,65.0,0.396,0.33,0.807
2023-24,1631106,1610612745,22,480.105,215.0,153.0,27.0,31.0,19.0,20.0,0.466,0.36,0.636
2023-24,1627752,1610612747,78,2107.62166666667,697.0,230.0,119.0,58.0,35.0,73.0,0.442,0.396,0.735
2023-24,1641707,1610612762,40,856.431666666667,292.0,185.0,32.0,28.0,30.0,27.0,0.45,0.379,0.793
2023-24,1631386,1610612757,4,40.3333333333333,18.0,8.0,5.0,2.0,0.0,3.0,0.421,0.143,0.5
2023-24,1629611,1610612746,75,1872.89166666667,658.0,254.0,119.0,43.0,15.0,48.0,0.515,0.348,0.832
2023-24,1631173,1610612755,16,84.4966666666667,52.0,4.0,12.0,8.0,0.0,7.0,0.391,0.371,0.6
2023-24,1626179,1610612748,61,2040.38166666667,1205.0,247.0,342.0,63.0,21.0,106.0,0.443,0.363,0.869
2023-24,1630678,1610612741,31,187.63,46.0,37.0,10.0,5.0,2.0,7.0,0.513,0.222,0.8
2023-24,201152,1610612756,33,439.501666666667,137.0,103.0,57.0,23.0,5.0,15.0,0.602,0.143,0.4
2023-24,203648,1610612749,34,155.431666666667,32.0,13.0,17.0,7.0,4.0,14.0,0.533,0.0,0.0
2023-24,1630177,1610612756,17,213.196666666667,59.0,24.0,28.0,7.0,0.0,18.0,0.286,0.167,0.933
2023-24,1628418,1610612748,38,441.365,217.0,141.0,23.0,10.0,16.0,21.0,0.577,0.182,0.872
2023-24,203501,1610612742,79,2120.32833333333,1139.0,254.0,139.0,42.0,6.0,69.0,0.402,0.353,0.852
2023-24,1641851,1610612763,5,125.451666666667,13.0,17.0,5.0,4.0,0.0,2.0,0.261,0.0,0.5
2023-24,202699,1610612755,70,2367.78,1204.0,453.0,217.0,70.0,46.0,93.0,0.487,0.353,0.878
2023-24,1628470,1610612741,53,1048.60166666667,303.0,217.0,58.0,30.0,21.0,32.0,0.43,0.392,0.75
2023-24,1641787,1610612765,17,366.578333333333,101.0,60.0,16.0,6.0,5.0,9.0,0.507,0.375,0.68
2023-24,1641739,1610612757,70,1739.32,527.0,343.0,87.0,66.0,33.0,84.0,0.45,0.337,0.758
2023-24,1629027,1610612737,54,1941.71333333333,1389.0,149.0,583.0,72.0,11.0,235.0,0.43,0.373,0.855
2023-24,1631218,1610612744,68,1130.45166666667,540.0,341.0,82.0,29.0,76.0,49.0,0.702,0.0,0.561
2023-24,1630200,1610612759,77,2138.18,771.0,289.0,478.0,78.0,9.0,116.0,0.505,0.335,0.856
2023-24,1630544,1610612766,41,987.098333333333,382.0,149.0,165.0,51.0,3.0,65.0,0.459,0.373,0.763
2023-24,1630570,1610612751,63,856.52,432.0,194.0,81.0,23.0,19.0,63.0,0.527,0.397,0.794
2023-24,1630235,1610612737,38,413.761666666667,83.0,51.0,92.0,11.0,3.0,20.0,0.378,0.2,0.765
2023-24,1630243,1610612753,14,164.726666666667,40.0,20.0,18.0,7.0,5.0,7.0,0.368,0.176,0.75
2023-24,1641998,1610612763,25,573.985,171.0,134.0,27.0,12.0,28.0,34.0,0.551,0.0,0.84
2023-24,1626168,1610612758,58,1158.21833333333,419.0,257.0,72.0,17.0,19.0,38.0,0.445,0.384,0.7
2023-24,1630530,1610612740,57,1690.265,842.0,280.0,124.0,51.0,28.0,34.0,0.443,0.38,0.815
2023-24,202684,1610612739,49,548.916666666667,161.0,174.0,51.0,12.0,14.0,29.0,0.613,0.0,0.288
2023-24,1641774,1610612764,10,153.411666666667,85.0,36.0,13.0,5.0,7.0,10.0,0.433,0.278,0.773
2023-24,1628972,1610612765,59,826.511666666667,247.0,144.0,60.0,24.0,3.0,30.0,0.372,0.333,0.865
2023-24,1629660,1610612739,2,14.8166666666667,4.0,1.0,3.0,0.0,0.0,1.0,0.5,0.0,0.0
2023-24,1631102,1610612749,11,55.9216666666667,14.0,5.0,5.0,3.0,0.0,2.0,0.3,0.333,0.0
2023-24,1629639,1610612748,42,1407.105,875.0,222.0,188.0,30.0,3.0,93.0,0.441,0.396,0.856
2023-24,1630169,1610612754,69,2223.53833333333,1389.0,271.0,752.0,83.0,48.0,159.0,0.477,0.364,0.855
2023-24,1630178,1610612755,70,2625.80666666667,1816.0,258.0,433.0,69.0,33.0,116.0,0.45,0.373,0.868
2023-24,1626145,1610612764,66,1932.66666666667,790.0,179.0,485.0,71.0,18.0,66.0,0.489,0.414,0.8
2023-24,1628962,1610612756,16,112.828333333333,35.0,32.0,3.0,1.0,6.0,4.0,0.696,0.0,0.231
2023-24,1630586,1610612744,6,17.7833333333333,3.0,7.0,1.0,1.0,3.0,2.0,0.167,0.0,0.5
2023-24,203995,1610612766,60,1175.73,422.0,88.0,262.0,31.0,7.0,99.0,0.43,0.279,0.813
2023-24,1641705,1610612759,71,2106.235,1522.0,755.0,274.0,88.0,254.0,260.0,0.465,0.325,0.796
2023-24,1631246,1610612763,52,1436.53,521.0,290.0,175.0,47.0,34.0,92.0,0.446,0.378,0.8
2023-24,1630249,1610612737,22,541.32,135.0,52.0,50.0,13.0,6.0,20.0,0.49,0.412,0.833
2023-24,1631117,1610612762,64,1493.10666666667,518.0,481.0,60.0,30.0,154.0,66.0,0.654,0.211,0.602
2023-24,1628976,1610612753,55,1406.30333333333,603.0,381.0,95.0,35.0,28.0,68.0,0.525,0.374,0.694
2023-24,1631111,1610612750,25,75.1316666666667,18.0,12.0,6.0,5.0,1.0,4.0,0.5,0.0,0.0
2023-24,1629117,1610612738,5,81.0166666666667,17.0,25.0,3.0,2.0,2.0,8.0,0.364,0.167,0.0
2023-24,202083,1610612737,36,412.87,110.0,53.0,23.0,16.0,11.0,8.0,0.351,0.348,0.75
2023-24,1629875,1610612746,14,119.25,33.0,18.0,21.0,3.0,3.0,5.0,0.326,0.118,0.5
2023-24,1630214,1610612738,54,974.555,284.0,211.0,77.0,51.0,44.0,34.0,0.434,0.247,0.44
2023-24,1629139,1610612763,34,464.373333333333,117.0,54.0,15.0,12.0,7.0,19.0,0.353,0.294,0.588
2023-24,1628380,1610612759,69,1525.72833333333,776.0,370.0,194.0,34.0,52.0,132.0,0.484,0.32,0.753
2023-24,203897,1610612741,25,871.861666666667,487.0,129.0,98.0,21.0,8.0,52.0,0.452,0.349,0.854
2023-24,1630285,1610612765,7,161.383333333333,42.0,20.0,25.0,7.0,3.0,10.0,0.315,0.294,0.75
2023-24,1630192,1610612743,58,576.12,186.0,125.0,32.0,15.0,38.0,27.0,0.463,0.261,0.677
2023-24,1630533,1610612763,51,1037.68166666667,420.0,180.0,75.0,36.0,9.0,66.0,0.397,0.307,0.827
2023-24,1629627,1610612740,70,2206.92333333333,1601.0,406.0,352.0,76.0,47.0,193.0,0.57,0.333,0.702
2024-25,1630639,1610612761,26,486.41,236.0,86.0,31.0,13.0,6.0,15.0,0.421,0.327,0.683
2024-25,1631260,1610612749,73,1659.14166666667,541.0,174.0,108.0,37.0,7.0,40.0,0.429,0.427,0.815
2024-25,1642358,1610612764,29,638.386666666667,220.0,59.0,76.0,12.0,3.0,35.0,0.385,0.267,0.865
2024-25,203932,1610612743,51,1446.71666666667,748.0,247.0,164.0,23.0,14.0,73.0,0.531,0.436,0.81
2024-25,1628988,1610612745,62,792.246666666667,340.0,78.0,83.0,19.0,11.0,37.0,0.437,0.398,0.829
2024-25,1630174,1610612754,45,1121.61833333333,541.0,178.0,54.0,35.0,17.0,37.0,0.507,0.431,0.913
2024-25,1630598,1610612760,76,1743.9,914.0,295.0,134.0,60.0,18.0,69.0,0.488,0.383,0.831
2024-25,1641745,1610612760,37,202.965,65.0,27.0,12.0,8.0,3.0,4.0,0.26,0.194,0.5
2024-25,1641766,1610612741,4,21.4983333333333,8.0,6.0,1.0,0.0,0.0,1.0,0.571,0.0,0.0
2024-25,1641737,1610612755,58,904.55,337.0,245.0,27.0,26.0,69.0,61.0,0.703,0.0,0.67
2024-25,1642349,1610612760,36,596.955,234.0,68.0,64.0,25.0,4.0,29.0,0.495,0.383,0.829
2024-25,201143,1610612738,60,1658.57333333333,538.0,369.0,128.0,36.0,51.0,46.0,0.423,0.363,0.895
2024-25,202692,1610612748,49,863.496666666667,356.0,124.0,55.0,28.0,7.0,29.0,0.424,0.425,0.776
2024-25,1627936,1610612760,54,1040.635,382.0,159.0,137.0,87.0,30.0,37.0,0.446,0.353,0.824
2024-25,1642505,1610612760,21,125.341666666667,36.0,26.0,5.0,5.0,0.0,4.0,0.4,0.476,1.0
2024-25,203458,1610612747,46,379.79,74.0,95.0,38.0,9.0,21.0,20.0,0.508,0.222,0.471
2024-25,1642024,1610612755,15,216.046666666667,76.0,47.0,4.0,10.0,10.0,6.0,0.481,0.366,0.75
2024-25,1642259,1610612764,67,1814.22833333333,869.0,435.0,161.0,44.0,101.0,114.0,0.394,0.308,0.679
2024-25,1631214,1610612746,1,3.71666666666667,5.0,0.0,1.0,0.0,0.0,0.0,1.0,1.0,0.0
2024-25,1630578,1610612745,76,2394.97666666667,1451.0,786.0,372.0,84.0,61.0,194.0,0.496,0.233,0.692
2024-25,1641708,1610612745,69,2225.415,970.0,564.0,265.0,97.0,89.0,138.0,0.557,0.275,0.684
2024-25,1629599,1610612746,72,1747.54,696.0,161.0,77.0,40.0,7.0,45.0,0.471,0.409,0.891
2024-25,203083,1610612755,40,750.633333333333,293.0,310.0,34.0,39.0,18.0,55.0,0.5,0.15,0.622
2024-25,1641748,1610612749,67,980.091666666667,230.0,182.0,83.0,34.0,14.0,58.0,0.477,0.395,0.5
2024-25,1629614,1610612754,65,1880.67,653.0,216.0,326.0,79.0,11.0,112.0,0.458,0.291,0.794
2024-25,203952,1610612748,60,1842.28166666667,1078.0,269.0,158.0,60.0,50.0,99.0,0.448,0.374,0.763
2024-25,1629014,1610612757,70,2291.89833333333,1348.0,189.0,337.0,60.0,5.0,143.0,0.426,0.363,0.902
2024-25,1641710,1610612753,78,1886.99333333333,736.0,230.0,240.0,86.0,48.0,139.0,0.423,0.318,0.761
2024-25,203076,1610612742,51,1705.48833333333,1261.0,590.0,181.0,59.0,110.0,113.0,0.516,0.282,0.775
2024-25,1630162,1610612750,79,2871.05833333333,2177.0,450.0,359.0,91.0,51.0,249.0,0.447,0.395,0.837
2024-25,1630264,1610612764,51,397.575,129.0,66.0,16.0,9.0,2.0,10.0,0.489,0.323,0.66
2024-25,1641817,1610612752,9,22.1666666666667,8.0,3.0,2.0,1.0,0.0,2.0,0.444,0.0,0.0
2024-25,1641810,1610612740,44,659.558333333333,305.0,63.0,39.0,21.0,4.0,30.0,0.456,0.395,0.8
2024-25,1630574,1610612752,25,217.365,48.0,51.0,11.0,1.0,15.0,21.0,0.677,0.0,0.462
2024-25,1642422,1610612747,9,66.6666666666667,14.0,15.0,1.0,4.0,2.0,3.0,0.316,0.0,0.286
2024-25,1641709,1610612765,59,1327.715,594.0,303.0,134.0,98.0,40.0,80.0,0.535,0.224,0.641
2024-25,1630559,1610612747,73,2550.09166666667,1475.0,329.0,421.0,81.0,22.0,177.0,0.46,0.377,0.877
2024-25,1630245,1610612741,46,1393.88333333333,566.0,161.0,208.0,43.0,18.0,69.0,0.492,0.328,0.785
2024-25,1628389,1610612748,78,2673.69333333333,1410.0,749.0,337.0,98.0,53.0,161.0,0.485,0.357,0.765
2024-25,1631248,1610612738,31,383.888333333333,113.0,65.0,33.0,17.0,2.0,12.0,0.355,0.317,0.75
2024-25,1641767,1610612754,63,1229.55833333333,332.0,177.0,85.0,38.0,14.0,22.0,0.418,0.342,0.889
2024-25,1627732,1610612746,51,1119.69333333333,256.0,241.0,285.0,38.0,23.0,102.0,0.52,0.0,0.727
2024-25,1631097,1610612754,72,2149.31833333333,1156.0,383.0,136.0,47.0,24.0,135.0,0.458,0.34,0.831
2024-25,1641731,1610612764,59,1947.50666666667,727.0,294.0,199.0,78.0,41.0,125.0,0.421,0.281,0.746
2024-25,202687,1610612759,28,527.486666666667,144.0,158.0,31.0,16.0,23.0,27.0,0.588,0.0,0.4
2024-25,1631104,1610612759,58,683.106666666667,217.0,61.0,114.0,37.0,6.0,54.0,0.435,0.293,0.623
2024-25,1626171,1610612749,49,1243.68,680.0,411.0,104.0,35.0,26.0,57.0,0.466,0.365,0.836
2024-25,1641752,1610612765,8,42.3816666666667,15.0,7.0,7.0,2.0,1.0,1.0,0.6,0.4,0.5
2024-25,203992,1610612746,54,1347.65833333333,583.0,159.0,146.0,41.0,11.0,74.0,0.427,0.363,0.879
2024-25,1629626,1610612756,36,448.483333333333,244.0,104.0,22.0,9.0,25.0,20.0,0.525,0.344,0.769
2024-25,1630538,1610612750,24,238.77,149.0,25.0,32.0,18.0,4.0,25.0,0.398,0.39,0.885
2024-25,203078,1610612756,53,1702.19166666667,902.0,177.0,195.0,58.0,28.0,99.0,0.497,0.386,0.803
2024-25,1642382,1610612760,32,246.403333333333,122.0,54.0,14.0,5.0,21.0,7.0,0.443,0.333,0.778
2024-25,1641764,1610612744,64,1716.34833333333,747.0,325.0,220.0,69.0,13.0,75.0,0.445,0.372,0.758
2024-25,1630527,1610612740,42,992.78,448.0,134.0,92.0,53.0,9.0,52.0,0.436,0.35,0.788
2024-25,1629634,1610612763,64,1206.86166666667,534.0,326.0,66.0,52.0,36.0,41.0,0.621,0.059,0.701
2024-25,1627742,1610612761,18,595.031666666667,400.0,100.0,93.0,16.0,11.0,69.0,0.465,0.374,0.855
2024-25,1641706,1610612766,27,923.565,568.0,131.0,98.0,29.0,20.0,76.0,0.403,0.355,0.861
2024-25,1630314,1610612742,33,487.13,275.0,58.0,76.0,24.0,5.0,39.0,0.521,0.4,0.833
2024-25,1630296,1610612744,3,10.825,3.0,2.0,0.0,2.0,0.0,1.0,0.0,0.0,0.5
2024-25,1641729,1610612762,71,1431.92166666667,772.0,210.0,110.0,46.0,8.0,107.0,0.459,0.422,0.89
2024-25,1642355,1610612747,27,181.243333333333,62.0,18.0,22.0,9.0,3.0,13.0,0.313,0.281,0.786
2024-25,201572,1610612749,80,2546.07,1041.0,401.0,143.0,50.0,148.0,84.0,0.509,0.373,0.826
2024-25,1628971,1610612740,41,921.53,340.0,164.0,84.0,34.0,10.0,39.0,0.421,0.333,0.815
2024-25,1628981,1610612761,17,146.58,58.0,51.0,18.0,4.0,9.0,14.0,0.531,0.0,0.75
2024-25,1631121,1610612757,13,32.0166666666667,13.0,3.0,2.0,1.0,0.0,4.0,0.286,0.0,0.833
2024-25,1642267,1610612764,82,2457.79,807.0,341.0,364.0,54.0,21.0,141.0,0.401,0.339,0.812
2024-25,1627741,1610612744,82,1862.98833333333,912.0,264.0,134.0,69.0,23.0,91.0,0.417,0.37,0.828
2024-25,203468,1610612740,56,1831.67833333333,1183.0,212.0,227.0,46.0,24.0,106.0,0.444,0.373,0.717
2024-25,1630595,1610612765,70,2451.94666666667,1830.0,425.0,638.0,71.0,53.0,309.0,0.469,0.356,0.846
2024-25,1631216,1610612753,58,787.99,239.0,75.0,35.0,22.0,6.0,13.0,0.421,0.4,0.882
2024-25,1628997,1610612742,45,1218.01666666667,356.0,177.0,95.0,46.0,23.0,56.0,0.424,0.359,0.622
2024-25,1642353,1610612746,13,58.6483333333333,18.0,12.0,6.0,5.0,1.0,2.0,0.292,0.154,0.5
2024-25,1629629,1610612747,33,589.45,105.0,66.0,22.0,33.0,10.0,12.0,0.404,0.277,0.615
2024-25,1642285,1610612763,25,252.243333333333,106.0,30.0,34.0,9.0,1.0,6.0,0.415,0.365,1.0
2024-25,1630560,1610612751,25,781.156666666667,599.0,83.0,94.0,15.0,2.0,62.0,0.438,0.349,0.881
2024-25,1641715,1610612745,51,826.585,477.0,151.0,49.0,31.0,13.0,46.0,0.444,0.355,0.75
2024-25,1629661,1610612751,57,1799.76333333333,1070.0,247.0,194.0,53.0,25.0,99.0,0.475,0.39,0.893
2024-25,1626166,1610612752,72,1089.97666666667,500.0,104.0,203.0,39.0,16.0,52.0,0.401,0.363,0.907
2024-25,1627747,1610612737,64,1596.10666666667,776.0,203.0,215.0,57.0,33.0,76.0,0.467,0.373,0.71
2024-25,1641717,1610612760,68,1876.26,568.0,229.0,173.0,120.0,35.0,59.0,0.474,0.356,0.811
2024-25,1629646,1610612759,36,375.515,157.0,152.0,17.0,14.0,30.0,23.0,0.581,0.0,0.636
2024-25,1631096,1610612760,32,876.54,479.0,257.0,63.0,23.0,71.0,56.0,0.49,0.379,0.754
2024-25,1628449,1610612761,50,862.3,502.0,224.0,33.0,24.0,25.0,29.0,0.492,0.363,0.782
2024-25,1630537,1610612741,17,74.4683333333333,36.0,20.0,9.0,0.0,0.0,1.0,0.462,0.4,0.75
2024-25,1641753,1610612749,21,105.81,30.0,35.0,5.0,5.0,0.0,6.0,0.333,0.0,0.75
2024-25,101108,1610612759,82,2292.16333333333,723.0,296.0,605.0,103.0,22.0,129.0,0.427,0.377,0.924
2024-25,1631128,1610612743,79,2675.38333333333,1218.0,410.0,205.0,85.0,37.0,81.0,0.58,0.397,0.827
2024-25,1631132,1610612747,37,341.53,90.0,92.0,16.0,8.0,16.0,12.0,0.606,0.0,0.714
2024-25,1629643,1610612739,9,196.68,53.0,47.0,15.0,5.0,4.0,3.0,0.5,0.393,0.667
2024-25,203991,1610612737,55,1176.43333333333,488.0,469.0,62.0,34.0,53.0,47.0,0.559,0.0,0.536
2024-25,1629632,1610612741,74,2450.25666666667,1509.0,273.0,330.0,69.0,16.0,177.0,0.453,0.37,0.902
2024-25,1628998,1610612756,53,1173.20666666667,358.0,224.0,105.0,56.0,32.0,51.0,0.418,0.285,0.705
2024-25,1642262,1610612762,50,1059.61166666667,230.0,113.0,59.0,23.0,16.0,44.0,0.323,0.259,0.725
2024-25,1641732,1610612764,39,514.648333333333,157.0,87.0,44.0,26.0,13.0,23.0,0.457,0.327,0.657
2024-25,1630175,1610612763,67,1234.11333333333,630.0,204.0,191.0,45.0,32.0,103.0,0.424,0.353,0.823
2024-25,1631306,1610612754,10,169.5,59.0,27.0,3.0,4.0,2.0,4.0,0.349,0.319,0.0
2024-25,1630658,1610612761,26,431.99,123.0,122.0,28.0,8.0,10.0,23.0,0.469,0.125,0.763
2024-25,1631221,1610612756,33,461.218333333333,194.0,78.0,78.0,21.0,5.0,17.0,0.43,0.433,0.864
2024-25,1629012,1610612762,63,1757.76,1159.0,171.0,264.0,47.0,6.0,160.0,0.48,0.406,0.865
2024-25,1630557,1610612764,61,1601.52333333333,705.0,181.0,103.0,26.0,14.0,64.0,0.451,0.364,0.852
2024-25,202709,1610612753,50,611.733333333333,177.0,74.0,72.0,26.0,4.0,18.0,0.403,0.364,0.778
2024-25,1641854,1610612739,51,513.265,188.0,67.0,71.0,17.0,15.0,38.0,0.514,0.438,0.719
2024-25,1642385,1610612751,5,10.3183333333333,3.0,2.0,0.0,0.0,0.0,0.0,0.143,0.0,0.5
2024-25,1626156,1610612751,58,1480.41833333333,732.0,162.0,297.0,56.0,23.0,108.0,0.39,0.314,0.834
2024-25,1630618,1610612761,4,33.3866666666667,3.0,4.0,3.0,2.0,0.0,4.0,0.143,0.0,1.0
2024-25,1629610,1610612766,47,1071.50666666667,315.0,135.0,53.0,26.0,25.0,35.0,0.405,0.335,0.8
2024-25,1631342,1610612737,6,71.55,43.0,11.0,2.0,0.0,0.0,4.0,0.64,0.529,1.0
2024-25,1630227,1610612750,3,13.2333333333333,1.0,4.0,3.0,0.0,0.0,4.0,0.0,0.0,0.5
2024-25,1630625,1610612757,67,1119.945,559.0,135.0,160.0,43.0,34.0,86.0,0.391,0.324,0.728
2024-25,1631207,1610612741,73,987.178333333333,326.0,124.0,97.0,44.0,15.0,53.0,0.448,0.356,0.71
2024-25,1642261,1610612747,78,1493.795,706.0,216.0,66.0,24.0,8.0,37.0,0.461,0.376,0.762
2024-25,203081,1610612749,58,2092.87,1447.0,272.0,410.0,70.0,10.0,162.0,0.448,0.376,0.921
2024-25,1641878,1610612766,15,370.488333333333,109.0,50.0,56.0,15.0,2.0,31.0,0.323,0.214,0.867
2024-25,1627814,1610612756,25,144.018333333333,83.0,20.0,11.0,6.0,0.0,10.0,0.365,0.243,0.952
2024-25,1629655,1610612742,57,1226.095,701.0,388.0,80.0,23.0,102.0,66.0,0.702,0.0,0.689
2024-25,1628464,1610612740,38,621.241666666667,162.0,164.0,60.0,18.0,20.0,25.0,0.473,0.243,0.838
2024-25,1642450,1610612765,7,22.7483333333333,7.0,2.0,3.0,0.0,0.0,1.0,0.3,0.143,0.0
2024-25,203957,1610612742,20,372.31,174.0,33.0,56.0,12.0,3.0,22.0,0.478,0.434,0.742
2024-25,203967,1610612743,16,210.383333333333,56.0,50.0,23.0,7.0,1.0,15.0,0.362,0.269,0.7
2024-25,1641727,1610612751,20,246.078333333333,114.0,29.0,12.0,6.0,1.0,15.0,0.406,0.446,0.6
2024-25,1629636,1610612739,75,2300.77,1544.0,214.0,506.0,91.0,11.0,189.0,0.472,0.401,0.878
2024-25,1630561,1610612759,6,33.7166666666667,16.0,5.0,4.0,1.0,0.0,2.0,0.429,0.5,0.5
2024-25,1631223,1610612745,33,409.753333333333,153.0,84.0,35.0,14.0,9.0,22.0,0.456,0.311,0.769
2024-25,1630558,1610612748,74,2027.31333333333,588.0,167.0,363.0,72.0,16.0,128.0,0.468,0.398,0.69
2024-25,1630549,1610612751,50,907.458333333333,397.0,330.0,91.0,41.0,42.0,63.0,0.521,0.244,0.757
2024-25,1628368,1610612759,62,2241.13666666667,1459.0,298.0,392.0,91.0,25.0,174.0,0.463,0.31,0.827
2024-25,1629631,1610612739,64,1740.015,1088.0,258.0,92.0,50.0,13.0,82.0,0.47,0.405,0.846
2024-25,1629001,1610612751,6,120.983333333333,62.0,20.0,17.0,7.0,2.0,10.0,0.407,0.371,0.625
2024-25,201599,1610612743,56,690.701666666667,209.0,284.0,53.0,16.0,27.0,40.0,0.65,0.0,0.422
2024-25,201942,1610612758,77,2767.615,1710.0,298.0,342.0,62.0,32.0,105.0,0.477,0.328,0.857
2024-25,1629731,1610612739,59,1252.45166666667,320.0,249.0,76.0,42.0,20.0,22.0,0.413,0.36,0.533
2024-25,1629028,1610612757,40,1205.62,576.0,406.0,64.0,31.0,39.0,69.0,0.566,0.188,0.667
2024-25,1627749,1610612740,31,1012.14833333333,542.0,200.0,228.0,63.0,12.0,106.0,0.393,0.299,0.823
2024-25,1626153,1610612752,40,634.496666666667,125.0,66.0,77.0,35.0,12.0,22.0,0.344,0.274,0.6
2024-25,1630166,1610612757,72,2161.14833333333,1219.0,522.0,281.0,71.0,35.0,196.0,0.476,0.365,0.78
2024-25,203471,1610612765,75,2104.77833333333,980.0,198.0,404.0,66.0,12.0,142.0,0.406,0.342,0.838
2024-25,1641726,1610612742,36,832.736666666667,314.0,270.0,85.0,20.0,56.0,41.0,0.702,0.0,0.63
2024-25,1627884,1610612746,77,1873.38833333333,781.0,263.0,60.0,79.0,33.0,66.0,0.526,0.356,0.703
2024-25,1628401,1610612738,76,2573.615,1248.0,341.0,361.0,72.0,80.0,131.0,0.442,0.384,0.839
2024-25,1630217,1610612753,69,2205.225,1327.0,418.0,369.0,80.0,28.0,169.0,0.484,0.392,0.894
2024-25,1626164,1610612756,75,2794.96666666667,1923.0,305.0,529.0,67.0,16.0,220.0,0.461,0.332,0.894
2024-25,1642269,1610612758,36,395.943333333333,138.0,76.0,41.0,21.0,4.0,18.0,0.37,0.295,0.591
2024-25,1630170,1610612759,64,1983.185,1041.0,255.0,183.0,84.0,33.0,88.0,0.443,0.368,0.792
2024-25,1628415,1610612745,75,2388.26166666667,1053.0,275.0,128.0,60.0,16.0,76.0,0.429,0.397,0.818
2024-25,1641794,1610612760,54,551.493333333333,135.0,121.0,58.0,16.0,4.0,28.0,0.383,0.254,0.607
2024-25,1627734,1610612758,70,2428.87666666667,1337.0,972.0,423.0,48.0,26.0,202.0,0.59,0.417,0.754
2024-25,1631230,1610612737,35,374.998333333333,148.0,85.0,19.0,9.0,16.0,5.0,0.531,0.259,0.636
2024-25,1642270,1610612757,67,1323.64333333333,436.0,527.0,77.0,34.0,110.0,72.0,0.539,0.286,0.596
2024-25,1628378,1610612739,71,2232.03333333333,1701.0,322.0,354.0,95.0,17.0,149.0,0.443,0.368,0.823
2024-25,1628978,1610612750,62,1605.73333333333,723.0,228.0,225.0,73.0,17.0,99.0,0.422,0.397,0.778
2024-25,1627827,1610612747,63,1818.67833333333,549.0,247.0,90.0,58.0,23.0,56.0,0.448,0.411,0.667
2024-25,203926,1610612758,42,341.651666666667,147.0,22.0,7.0,4.0,2.0,6.0,0.427,0.436,0.6
2024-25,203110,1610612744,68,1983.30666666667,613.0,414.0,383.0,99.0,70.0,174.0,0.424,0.325,0.687
2024-25,1629234,1610612746,61,746.01,280.0,226.0,54.0,12.0,39.0,41.0,0.593,0.5,0.662
2024-25,1641809,1610612738,25,186.146666666667,54.0,40.0,13.0,5.0,2.0,8.0,0.415,0.394,0.778
2024-25,1631166,1610612751,9,253.878333333333,109.0,65.0,20.0,4.0,1.0,15.0,0.441,0.257,0.625
2024-25,1630696,1610612748,14,268.205,87.0,36.0,23.0,21.0,6.0,17.0,0.508,0.533,0.75
2024-25,1629130,1610612748,74,1785.595,817.0,167.0,176.0,40.0,6.0,86.0,0.437,0.393,0.887
2024-25,1641871,1610612757,46,469.426666666667,194.0,92.0,26.0,12.0,14.0,16.0,0.422,0.321,0.909
2024-25,203939,1610612742,55,550.86,114.0,118.0,55.0,18.0,21.0,18.0,0.689,0.4,0.651
2024-25,1630700,1610612737,76,2571.17,1073.0,449.0,333.0,229.0,55.0,155.0,0.493,0.34,0.593
2024-25,1630604,1610612741,12,52.8566666666667,21.0,9.0,3.0,1.0,1.0,2.0,0.533,0.3,1.0
2024-25,203901,1610612740,24,510.805,85.0,79.0,166.0,24.0,11.0,59.0,0.328,0.167,0.571
2024-25,1641989,1610612762,10,138.0,32.0,21.0,8.0,10.0,1.0,3.0,0.314,0.28,0.5
2024-25,1641801,1610612741,6,24.7333333333333,10.0,8.0,2.0,1.0,0.0,0.0,0.5,0.0,1.0
2024-25,1641734,1610612739,10,74.7833333333333,37.0,7.0,8.0,1.0,1.0,2.0,0.342,0.367,0.0
2024-25,1642402,1610612754,22,181.205,46.0,30.0,9.0,3.0,3.0,6.0,0.432,0.1,0.684
2024-25,201569,1610612755,39,768.491666666667,266.0,46.0,65.0,26.0,12.0,28.0,0.426,0.409,0.75
2024-25,1630596,1610612739,71,2166.555,1316.0,659.0,226.0,61.0,113.0,145.0,0.557,0.37,0.725
2024-25,1630532,1610612753,60,2023.30666666667,1449.0,342.0,284.0,75.0,21.0,138.0,0.463,0.295,0.871
2024-25,1627832,1610612745,60,2111.29833333333,844.0,221.0,333.0,94.0,25.0,87.0,0.378,0.345,0.81
2024-25,1641713,1610612763,29,458.615,209.0,92.0,29.0,12.0,5.0,31.0,0.372,0.337,0.725
2024-25,1629216,1610612747,72,1527.265,460.0,92.0,98.0,51.0,13.0,41.0,0.4,0.353,0.714
2024-25,202066,1610612761,28,226.768333333333,53.0,29.0,31.0,17.0,2.0,10.0,0.3,0.214,0.917
2024-25,1629726,1610612737,47,829.508333333333,353.0,87.0,60.0,26.0,15.0,31.0,0.397,0.39,0.821
2024-25,203914,1610612753,48,710.71,145.0,64.0,30.0,26.0,12.0,17.0,0.383,0.356,0.583
2024-25,1627780,1610612744,62,927.176666666667,400.0,185.0,83.0,52.0,17.0,39.0,0.574,0.326,0.711
2024-25,1629018,1610612749,74,1893.395,824.0,168.0,87.0,72.0,4.0,42.0,0.431,0.416,0.848
2024-25,1627777,1610612737,79,1697.23333333333,784.0,272.0,111.0,28.0,14.0,82.0,0.461,0.406,0.793
2024-25,203507,1610612749,67,2288.63,2036.0,798.0,433.0,58.0,78.0,206.0,0.601,0.222,0.617
2024-25,1629048,1610612753,70,1429.46166666667,502.0,463.0,137.0,49.0,98.0,72.0,0.611,0.107,0.639
2024-25,1641711,1610612761,54,1587.37333333333,777.0,193.0,98.0,48.0,10.0,83.0,0.41,0.35,0.858
2024-25,1629684,1610612766,16,479.025,166.0,82.0,37.0,18.0,13.0,28.0,0.439,0.365,0.838
2024-25,1628960,1610612756,64,1543.705,680.0,194.0,137.0,54.0,19.0,75.0,0.448,0.426,0.816
2024-25,1627824,1610612755,70,1894.73666666667,768.0,395.0,148.0,58.0,24.0,87.0,0.501,0.38,0.725
2024-25,1630611,1610612744,56,761.523333333333,227.0,172.0,80.0,25.0,10.0,42.0,0.458,0.33,0.69
2024-25,203084,1610612759,82,2230.06333333333,1011.0,310.0,136.0,39.0,14.0,50.0,0.508,0.433,0.809
2024-25,1631127,1610612759,5,34.75,4.0,9.0,3.0,3.0,0.0,1.0,0.5,0.0,0.0
2024-25,1629312,1610612748,74,1818.32666666667,478.0,252.0,112.0,68.0,37.0,54.0,0.458,0.382,0.721
2024-25,1630529,1610612740,20,648.131666666667,205.0,78.0,65.0,37.0,9.0,35.0,0.436,0.306,0.825
2024-25,1641816,1610612743,51,399.935,134.0,78.0,20.0,10.0,6.0,14.0,0.375,0.311,0.75
2024-25,1630193,1610612761,33,917.753333333333,564.0,117.0,191.0,23.0,4.0,58.0,0.42,0.378,0.867
2024-25,1642403,1610612758,40,303.863333333333,134.0,57.0,12.0,5.0,10.0,16.0,0.651,0.375,0.639
2024-25,1630171,1610612739,55,1053.20333333333,337.0,130.0,68.0,32.0,16.0,23.0,0.464,0.371,0.717
2024-25,1642268,1610612762,71,1839.10666666667,615.0,235.0,446.0,66.0,16.0,208.0,0.422,0.249,0.682
2024-25,1642384,1610612758,15,45.6666666666667,13.0,8.0,1.0,1.0,2.0,1.0,0.455,0.2,0.5
2024-25,1628392,1610612760,57,1589.64166666667,637.0,611.0,219.0,47.0,62.0,96.0,0.581,0.0,0.675
2024-25,1630543,1610612754,5,83.88,35.0,28.0,5.0,3.0,8.0,5.0,0.609,0.0,0.5
2024-25,1630198,1610612760,74,1603.97666666667,756.0,196.0,119.0,48.0,9.0,38.0,0.44,0.412,0.821
2024-25,1630600,1610612755,1,17.3666666666667,6.0,4.0,5.0,1.0,1.0,0.0,0.286,0.333,0.5
2024-25,1641815,1610612748,3,5.55,0.0,2.0,0.0,1.0,0.0,0.0,0.0,0.0,0.0
2024-25,1630191,1610612765,72,1433.84833333333,435.0,399.0,123.0,28.0,101.0,68.0,0.559,0.321,0.759
2024-25,1631209,1610612766,20,265.503333333333,120.0,32.0,28.0,11.0,0.0,18.0,0.39,0.394,0.735
2024-25,1627826,1610612746,80,2624.17666666667,1340.0,1010.0,214.0,55.0,90.0,127.0,0.628,0.0,0.661
2024-25,1631120,1610612738,16,92.915,33.0,13.0,13.0,5.0,1.0,13.0,0.353,0.222,0.714
2024-25,1630550,1610612764,20,249.316666666667,71.0,48.0,6.0,8.0,9.0,9.0,0.424,0.286,0.682
2024-25,1629630,1610612763,50,1519.11,1159.0,205.0,364.0,61.0,12.0,185.0,0.454,0.309,0.824
2024-25,1642266,1610612761,52,1103.235,449.0,160.0,81.0,43.0,10.0,50.0,0.405,0.349,0.795
2024-25,1631095,1610612745,57,1715.57833333333,698.0,399.0,60.0,25.0,41.0,61.0,0.438,0.354,0.825
2024-25,1631133,1610612757,60,749.165,313.0,211.0,37.0,33.0,6.0,34.0,0.515,0.389,0.69
2024-25,1629098,1610612745,9,43.25,14.0,5.0,1.0,0.0,2.0,2.0,0.294,0.308,0.0
2024-25,1642050,1610612744,6,51.7316666666667,22.0,11.0,4.0,4.0,0.0,1.0,0.471,0.3,0.5
2024-25,1631210,1610612737,17,75.15,23.0,15.0,6.0,2.0,0.0,3.0,0.409,0.5,0.0
2024-25,1630702,1610612742,57,907.438333333333,496.0,89.0,81.0,28.0,5.0,82.0,0.435,0.386,0.698
2024-25,1631093,1610612765,30,898.033333333333,528.0,124.0,119.0,28.0,11.0,89.0,0.46,0.409,0.733
2024-25,1630183,1610612750,82,2614.41,1000.0,470.0,163.0,110.0,74.0,95.0,0.477,0.33,0.813
2024-25,1630531,1610612762,43,365.175,109.0,58.0,33.0,24.0,4.0,16.0,0.389,0.25,0.711
2024-25,203109,1610612758,9,102.761666666667,23.0,20.0,6.0,3.0,0.0,4.0,0.318,0.267,0.833
2024-25,1630256,1610612745,52,588.11,188.0,117.0,47.0,26.0,7.0,22.0,0.473,0.348,0.681
2024-25,1626143,1610612754,1,3.36666666666667,0.0,1.0,1.0,0.0,0.0,0.0,0.0,0.0,0.0
2024-25,1642443,1610612741,6,29.6666666666667,11.0,3.0,6.0,0.0,0.0,1.0,0.8,0.5,1.0
2024-25,1631170,1610612748,66,1368.38,570.0,290.0,166.0,61.0,14.0,98.0,0.461,0.311,0.754
2024-25,1631222,1610612758,66,1349.28,458.0,259.0,158.0,62.0,23.0,86.0,0.475,0.423,0.678
2024-25,1627751,1610612761,57,1685.74833333333,824.0,547.0,158.0,66.0,71.0,111.0,0.627,0.333,0.674
2024-25,1641779,1610612756,8,30.3733333333333,9.0,4.0,0.0,0.0,0.0,4.0,0.286,0.286,0.75
2024-25,1628973,1610612752,65,2300.70833333333,1690.0,187.0,475.0,60.0,8.0,164.0,0.488,0.383,0.821
2024-25,1631105,1610612765,78,2033.54833333333,918.0,807.0,209.0,54.0,89.0,136.0,0.692,0.0,0.669
2024-25,1630224,1610612745,82,2697.11,1723.0,377.0,282.0,71.0,27.0,203.0,0.423,0.354,0.813
2024-25,1641720,1610612755,15,314.676666666667,106.0,27.0,37.0,5.0,7.0,18.0,0.378,0.304,0.857
2024-25,1630552,1610612737,36,1284.17833333333,680.0,359.0,181.0,56.0,36.0,106.0,0.5,0.312,0.746
2024-25,1629667,1610612758,4,7.335,0.0,0.0,1.0,1.0,0.0,0.0,0.0,0.0,0.0
2024-25,1629618,1610612743,49,666.19,200.0,71.0,107.0,19.0,5.0,24.0,0.428,0.396,0.75
2024-25,1630188,1610612741,64,962.383333333333,524.0,357.0,65.0,17.0,44.0,37.0,0.466,0.324,0.809
2024-25,1630591,1610612753,35,1002.45333333333,567.0,141.0,129.0,51.0,33.0,102.0,0.41,0.314,0.882
2024-25,1631114,1610612760,69,2236.67333333333,1490.0,369.0,354.0,111.0,46.0,150.0,0.484,0.365,0.789
2024-25,1630592,1610612751,79,2031.38666666667,749.0,270.0,145.0,40.0,5.0,79.0,0.397,0.337,0.818
2024-25,1631288,1610612740,37,501.798333333333,196.0,85.0,22.0,23.0,9.0,22.0,0.43,0.325,0.68
2024-25,1627750,1610612743,67,2418.34666666667,1436.0,261.0,403.0,91.0,33.0,138.0,0.474,0.393,0.886
2024-25,1642347,1610612761,75,1466.825,533.0,115.0,316.0,58.0,10.0,117.0,0.405,0.323,0.768
2024-25,1631123,1610612749,5,61.7,17.0,5.0,10.0,4.0,2.0,8.0,0.5,0.2,0.667
2024-25,201935,1610612746,79,2789.03666666667,1802.0,456.0,687.0,118.0,55.0,341.0,0.41,0.352,0.874
2024-25,201949,1610612754,12,36.6166666666667,8.0,6.0,4.0,0.0,2.0,4.0,0.364,0.0,0.0
2024-25,1630164,1610612754,1,4.63333333333333,6.0,1.0,0.0,0.0,0.0,0.0,0.5,0.0,1.0
2024-25,1642419,1610612761,59,1041.67833333333,419.0,158.0,53.0,17.0,10.0,27.0,0.429,0.405,0.889
2024-25,1641716,1610612754,75,1186.62,461.0,229.0,110.0,54.0,25.0,78.0,0.472,0.405,0.667
2024-25,1630215,1610612755,60,1043.735,541.0,110.0,220.0,42.0,13.0,80.0,0.448,0.355,0.824
2024-25,1642272,1610612755,23,591.791666666667,352.0,56.0,60.0,15.0,0.0,37.0,0.46,0.383,0.875
2024-25,1631197,1610612761,14,226.163333333333,118.0,42.0,16.0,10.0,2.0,9.0,0.483,0.308,0.88
2024-25,1628991,1610612763,74,2206.95166666667,1641.0,417.0,148.0,92.0,113.0,153.0,0.488,0.375,0.781
2024-25,1629020,1610612747,36,580.858333333333,147.0,182.0,41.0,35.0,10.0,29.0,0.488,0.281,0.556
2024-25,1628386,1610612739,82,2296.05333333333,1103.0,798.0,158.0,77.0,73.0,97.0,0.706,0.0,0.718
2024-25,1629750,1610612739,68,1257.83333333333,347.0,218.0,56.0,65.0,31.0,32.0,0.429,0.326,0.724
2024-25,1629637,1610612747,56,1092.68333333333,383.0,269.0,58.0,31.0,51.0,43.0,0.722,0.0,0.622
2024-25,1630643,1610612763,64,748.031666666667,439.0,129.0,38.0,16.0,56.0,34.0,0.515,0.405,0.786
2024-25,1627759,1610612738,63,2157.92833333333,1398.0,368.0,286.0,73.0,19.0,162.0,0.463,0.324,0.764
2024-25,1641740,1610612750,40,521.993333333333,163.0,53.0,26.0,36.0,2.0,8.0,0.467,0.431,0.784
2024-25,1641798,1610612764,16,238.626666666667,78.0,44.0,17.0,9.0,0.0,12.0,0.419,0.304,0.9
2024-25,1629669,1610612764,8,168.075,67.0,20.0,18.0,1.0,4.0,8.0,0.356,0.296,0.636
2024-25,1631301,1610612766,6,111.808333333333,42.0,6.0,12.0,3.0,1.0,8.0,0.429,0.4,0.8
2024-25,1642377,1610612763,79,2043.48166666667,823.0,268.0,135.0,44.0,8.0,69.0,0.425,0.352,0.822
2024-25,1631119,1610612760,47,784.055,278.0,262.0,120.0,22.0,29.0,35.0,0.439,0.399,0.767
2024-25,1642281,1610612739,47,452.96,167.0,96.0,44.0,13.0,3.0,26.0,0.43,0.345,0.792
2024-25,1628369,1610612738,72,2623.81666666667,1932.0,623.0,431.0,76.0,38.0,209.0,0.452,0.343,0.814
2024-25,1641789,1610612742,16,56.6166666666667,24.0,5.0,6.0,2.0,1.0,5.0,0.391,0.364,0.5
2024-25,1630288,1610612755,41,620.77,285.0,60.0,78.0,24.0,12.0,15.0,0.487,0.4,0.733
2024-25,201145,1610612745,32,396.446666666667,172.0,58.0,20.0,6.0,4.0,9.0,0.504,0.367,0.808
2024-25,203924,1610612757,47,1523.58666666667,677.0,163.0,101.0,41.0,46.0,65.0,0.373,0.365,0.849
2024-25,1630526,1610612740,66,1238.9,418.0,315.0,88.0,39.0,7.0,51.0,0.455,0.341,0.836
2024-25,1631110,1610612759,54,1363.96833333333,617.0,352.0,128.0,45.0,27.0,84.0,0.535,0.308,0.696
2024-25,1630579,1610612749,53,631.245,98.0,197.0,33.0,10.0,19.0,33.0,0.634,0.0,0.615
2024-25,1642399,1610612750,2,4.66666666666667,0.0,0.0,1.0,0.0,0.0,0.0,0.0,0.0,0.0
2024-25,1641724,1610612753,60,701.106666666667,267.0,70.0,44.0,13.0,11.0,36.0,0.374,0.296,0.696
2024-25,1628975,1610612741,36,320.573333333333,153.0,39.0,40.0,13.0,3.0,11.0,0.377,0.333,0.8
2024-25,202710,1610612744,55,1746.135,964.0,296.0,298.0,77.0,18.0,74.0,0.504,0.308,0.842
2024-25,1629111,1610612745,42,500.023333333333,200.0,137.0,37.0,13.0,10.0,21.0,0.533,0.423,0.675
2024-25,204060,1610612750,19,114.086666666667,15.0,11.0,23.0,2.0,0.0,9.0,0.261,0.2,0.0
2024-25,203954,1610612755,19,574.393333333333,452.0,155.0,85.0,14.0,18.0,62.0,0.444,0.299,0.882
2024-25,1628381,1610612762,40,1220.49166666667,758.0,327.0,80.0,39.0,40.0,103.0,0.527,0.399,0.848
2024-25,1629723,1610612763,46,558.223333333333,112.0,151.0,42.0,30.0,14.0,16.0,0.451,0.371,0.875
2024-25,1631098,1610612764,34,241.658333333333,80.0,38.0,11.0,15.0,6.0,7.0,0.41,0.241,0.6
2024-25,1642277,1610612754,50,379.496666666667,103.0,71.0,19.0,18.0,11.0,12.0,0.38,0.3,0.818
2024-25,1630548,1610612762,64,1269.83,571.0,184.0,68.0,39.0,8.0,36.0,0.429,0.376,0.849
2024-25,202685,1610612758,81,1523.76333333333,843.0,627.0,164.0,37.0,46.0,120.0,0.55,0.216,0.879
2024-25,1628371,1610612753,71,1090.015,380.0,314.0,40.0,61.0,80.0,33.0,0.414,0.258,0.682
2024-25,1630228,1610612744,47,1144.08,719.0,217.0,104.0,38.0,21.0,71.0,0.454,0.305,0.668
2024-25,1642367,1610612761,63,1285.655,389.0,311.0,146.0,55.0,34.0,70.0,0.438,0.243,0.732
2024-25,203903,1610612762,37,962.47,600.0,118.0,138.0,31.0,9.0,86.0,0.408,0.362,0.797
2024-25,1630692,1610612747,29,542.575,161.0,112.0,42.0,30.0,11.0,26.0,0.438,0.382,0.818
2024-25,1641722,1610612740,56,1320.5,604.0,158.0,66.0,30.0,23.0,58.0,0.372,0.331,0.816
2024-25,1629162,1610612759,46,314.276666666667,98.0,30.0,51.0,16.0,1.0,16.0,0.431,0.413,0.773
2024-25,1641757,1610612746,37,420.31,152.0,58.0,34.0,17.0,5.0,26.0,0.433,0.211,0.8
2024-25,1629673,1610612764,68,2000.88666666667,1391.0,203.0,303.0,86.0,27.0,204.0,0.432,0.378,0.883
2024-25,1641775,1610612738,52,403.003333333333,82.0,69.0,19.0,12.0,11.0,17.0,0.361,0.273,0.583
2024-25,1630631,1610612740,56,1365.9,579.0,136.0,259.0,74.0,14.0,86.0,0.392,0.359,0.811
2024-25,1630528,1610612748,14,69.35,28.0,9.0,8.0,5.0,3.0,6.0,0.355,0.182,0.667
2024-25,1630581,1610612741,70,2116.64166666667,1022.0,566.0,503.0,84.0,45.0,202.0,0.465,0.378,0.781
2024-25,1630182,1610612766,68,1887.50333333333,506.0,172.0,108.0,74.0,15.0,70.0,0.428,0.391,0.681
2024-25,1628404,1610612752,77,2896.83,1051.0,737.0,453.0,119.0,27.0,158.0,0.525,0.333,0.776
2024-25,1631169,1610612750,46,276.275,119.0,47.0,18.0,15.0,12.0,11.0,0.489,0.326,0.895
2024-25,1629006,1610612766,40,624.978333333333,283.0,113.0,33.0,48.0,19.0,31.0,0.443,0.348,0.741
2024-25,1626196,1610612748,8,149.49,32.0,12.0,12.0,8.0,1.0,8.0,0.289,0.273,1.0
2024-25,201950,1610612738,62,1896.06833333333,686.0,265.0,239.0,66.0,27.0,77.0,0.443,0.353,0.909
2024-25,1630577,1610612759,82,1932.12833333333,815.0,318.0,111.0,61.0,35.0,74.0,0.415,0.371,0.904
2024-25,1641763,1610612741,79,1122.905,366.0,169.0,39.0,38.0,20.0,27.0,0.446,0.327,0.789
2024-25,1631124,1610612743,65,1383.47,588.0,142.0,83.0,39.0,16.0,57.0,0.432,0.349,0.822
2024-25,203944,1610612750,69,2225.52666666667,1288.0,487.0,323.0,47.0,16.0,196.0,0.485,0.344,0.806
2024-25,1630551,1610612764,62,1340.53333333333,544.0,351.0,60.0,65.0,39.0,54.0,0.511,0.383,0.685
2024-25,1642348,1610612755,44,1154.72,445.0,148.0,69.0,45.0,16.0,49.0,0.455,0.363,0.696
2024-25,1631303,1610612757,19,100.673333333333,18.0,10.0,7.0,6.0,1.0,5.0,0.381,0.2,0.0
2024-25,203994,1610612766,51,1062.82666666667,453.0,398.0,115.0,40.0,34.0,97.0,0.477,0.305,0.664
2024-25,1630231,1610612762,43,911.498333333333,274.0,125.0,48.0,17.0,22.0,24.0,0.552,0.259,0.787
2024-25,1642354,1610612766,36,842.083333333333,282.0,109.0,112.0,34.0,6.0,56.0,0.346,0.254,0.82
2024-25,1630539,1610612742,40,468.37,198.0,125.0,25.0,15.0,23.0,18.0,0.798,0.2,0.719
2024-25,1626157,1610612752,72,2516.72,1759.0,920.0,222.0,71.0,50.0,192.0,0.526,0.42,0.829
2024-25,1631255,1610612740,42,790.585,325.0,209.0,46.0,22.0,41.0,43.0,0.574,0.318,0.773
2024-25,202695,1610612746,37,1179.95666666667,796.0,219.0,116.0,59.0,17.0,72.0,0.498,0.411,0.81
2024-25,1630811,1610612737,31,501.166666666667,168.0,50.0,81.0,28.0,9.0,33.0,0.401,0.329,1.0
2024-25,1631099,1610612758,76,2610.17333333333,942.0,507.0,109.0,61.0,69.0,60.0,0.444,0.343,0.833
2024-25,1631232,1610612740,14,331.781666666667,142.0,58.0,13.0,10.0,10.0,12.0,0.486,0.326,0.733
2024-25,1642276,1610612748,64,1422.48666666667,595.0,473.0,60.0,39.0,71.0,57.0,0.554,0.315,0.687
2024-25,1629640,1610612759,77,1837.99666666667,979.0,371.0,125.0,49.0,22.0,77.0,0.482,0.318,0.773
2024-25,203482,1610612740,44,890.998333333333,384.0,206.0,128.0,33.0,19.0,76.0,0.5,0.418,0.769
2024-25,1626162,1610612755,60,2078.19,906.0,368.0,108.0,92.0,30.0,80.0,0.47,0.293,0.751
2024-25,1629026,1610612760,69,1131.53833333333,436.0,241.0,97.0,43.0,10.0,39.0,0.483,0.386,0.718
2024-25,203484,1610612763,77,2279.03666666667,673.0,169.0,136.0,99.0,34.0,62.0,0.439,0.342,0.863
2024-25,1631165,1610612758,80,1948.19166666667,666.0,212.0,120.0,121.0,63.0,71.0,0.489,0.433,0.849
2024-25,1630553,1610612751,79,1925.20166666667,839.0,297.0,175.0,82.0,30.0,116.0,0.389,0.314,0.77
2024-25,1642352,1610612748,16,98.125,43.0,28.0,4.0,5.0,4.0,4.0,0.692,0.429,0.444
2024-25,1630556,1610612742,40,608.46,168.0,115.0,42.0,19.0,20.0,16.0,0.496,0.407,0.923
2024-25,201142,1610612756,62,2264.685,1647.0,374.0,263.0,50.0,77.0,190.0,0.527,0.43,0.839
2024-25,1628989,1610612741,69,1678.99333333333,681.0,205.0,156.0,66.0,23.0,67.0,0.425,0.338,0.714
2024-25,1628995,1610612744,14,83.6566666666667,46.0,17.0,5.0,2.0,4.0,4.0,0.5,0.267,0.75
2024-25,201567,1610612748,23,251.453333333333,122.0,94.0,22.0,15.0,4.0,14.0,0.357,0.358,0.696
2024-25,1641755,1610612752,4,29.1666666666667,6.0,8.0,2.0,1.0,1.0,0.0,0.286,0.0,1.0
2024-25,1629645,1610612749,75,1482.02,771.0,278.0,256.0,81.0,13.0,136.0,0.449,0.311,0.769
2024-25,1626172,1610612744,76,1142.155,344.0,462.0,118.0,46.0,37.0,39.0,0.514,0.4,0.566
2024-25,1641718,1610612762,67,2108.475,1125.0,253.0,377.0,46.0,9.0,183.0,0.391,0.343,0.818
2024-25,203114,1610612764,37,843.181666666667,440.0,137.0,150.0,35.0,8.0,56.0,0.475,0.361,0.857
2024-25,1630165,1610612751,6,162.333333333333,54.0,18.0,31.0,4.0,4.0,9.0,0.419,0.381,0.833
2024-25,202691,1610612742,72,1964.56833333333,1005.0,246.0,145.0,50.0,30.0,88.0,0.412,0.391,0.905
2024-25,1641738,1610612746,40,272.22,77.0,65.0,24.0,7.0,4.0,12.0,0.458,0.231,0.714
2024-25,1641723,1610612737,10,123.636666666667,53.0,21.0,17.0,3.0,2.0,8.0,0.383,0.211,0.722
2024-25,1627739,1610612746,74,1782.91833333333,474.0,251.0,210.0,128.0,27.0,74.0,0.439,0.335,0.682
2024-25,1631200,1610612757,69,1040.38666666667,287.0,182.0,68.0,35.0,17.0,43.0,0.419,0.225,0.456
2024-25,204001,1610612738,42,1209.96333333333,818.0,284.0,87.0,31.0,63.0,53.0,0.483,0.412,0.809
2024-25,203937,1610612748,61,1002.09333333333,357.0,206.0,145.0,40.0,33.0,37.0,0.469,0.357,0.738
2024-25,1642271,1610612762,72,1521.54,690.0,440.0,140.0,48.0,22.0,102.0,0.502,0.35,0.65
2024-25,1628398,1610612749,65,1936.415,964.0,370.0,152.0,36.0,19.0,146.0,0.436,0.307,0.634
2024-25,200768,1610612755,35,659.448333333333,138.0,67.0,96.0,33.0,11.0,21.0,0.35,0.33,0.818
2024-25,1630283,1610612747,11,125.956666666667,34.0,39.0,5.0,1.0,3.0,4.0,0.636,0.0,0.6
2024-25,202681,1610612742,50,1803.79666666667,1234.0,240.0,231.0,66.0,23.0,111.0,0.473,0.401,0.916
2024-25,1642273,1610612764,68,1802.18333333333,590.0,285.0,169.0,68.0,50.0,97.0,0.372,0.322,0.753
2024-25,1630163,1610612766,47,1504.475,1184.0,232.0,346.0,54.0,13.0,167.0,0.405,0.339,0.843
2024-25,1630205,1610612763,17,155.535,74.0,38.0,8.0,5.0,3.0,10.0,0.46,0.296,0.727
2024-25,1629013,1610612752,50,761.6,286.0,61.0,27.0,23.0,2.0,22.0,0.461,0.397,0.667
2024-25,1626204,1610612737,24,463.226666666667,203.0,103.0,38.0,20.0,13.0,16.0,0.516,0.447,0.692
2024-25,1628374,1610612762,47,1475.84333333333,892.0,278.0,70.0,33.0,17.0,66.0,0.423,0.346,0.876
2024-25,2544,1610612747,70,2444.44666666667,1710.0,546.0,575.0,70.0,39.0,260.0,0.513,0.376,0.782
2024-25,1631159,1610612750,13,31.595,20.0,11.0,0.0,2.0,1.0,2.0,0.4,0.0,1.0
2024-25,1631311,1610612740,13,183.366666666667,86.0,19.0,24.0,3.0,2.0,14.0,0.397,0.295,0.846
2024-25,1641857,1610612749,13,56.9666666666667,9.0,12.0,2.0,2.0,2.0,6.0,0.25,0.0,0.5
2024-25,1630322,1610612765,52,778.41,256.0,110.0,52.0,27.0,11.0,20.0,0.369,0.344,0.727
2024-25,1629022,1610612755,20,476.703333333333,247.0,63.0,50.0,10.0,5.0,25.0,0.42,0.354,0.8
2024-25,1628366,1610612741,35,777.03,267.0,118.0,115.0,47.0,17.0,41.0,0.366,0.344,0.815
2024-25,1629652,1610612760,71,2073.3,719.0,293.0,115.0,79.0,39.0,51.0,0.435,0.412,0.717
2024-25,1629029,1610612747,50,1768.55,1408.0,409.0,383.0,89.0,21.0,179.0,0.45,0.368,0.782
2024-25,1630568,1610612750,39,219.31,138.0,54.0,11.0,6.0,3.0,12.0,0.495,0.278,0.686
2024-25,1628379,1610612763,65,1471.69166666667,576.0,183.0,215.0,50.0,5.0,72.0,0.478,0.433,0.895
2024-25,1628436,1610612738,73,1361.06,441.0,388.0,117.0,36.0,71.0,31.0,0.668,0.0,0.691
2024-25,1631247,1610612739,12,87.86,12.0,20.0,8.0,1.0,1.0,8.0,0.25,0.0,1.0
2024-25,1630644,1610612753,2,10.2333333333333,0.0,1.0,3.0,0.0,0.0,0.0,0.0,0.0,0.0
2024-25,1630201,1610612759,4,43.68,16.0,7.0,7.0,3.0,0.0,4.0,0.385,0.25,0.833
2024-25,1631103,1610612759,47,426.555,235.0,51.0,38.0,11.0,2.0,34.0,0.458,0.405,0.818
2024-25,1627763,1610612764,24,564.076666666667,305.0,91.0,98.0,13.0,5.0,38.0,0.433,0.286,0.88
2024-25,1642502,1610612760,6,20.9666666666667,2.0,3.0,1.0,0.0,0.0,1.0,0.0,0.0,0.5
2024-25,1627736,1610612765,82,2282.94666666667,1336.0,214.0,139.0,73.0,5.0,83.0,0.43,0.416,0.679
2024-25,1628370,1610612758,65,2054.11,1117.0,245.0,362.0,61.0,38.0,159.0,0.439,0.325,0.865
2024-25,1630699,1610612752,35,156.281666666667,79.0,44.0,11.0,4.0,1.0,15.0,0.415,0.345,0.75
2024-25,1630542,1610612755,10,253.155,67.0,70.0,10.0,9.0,12.0,7.0,0.391,0.156,0.8
2024-25,1630585,1610612766,4,79.3833333333333,28.0,6.0,13.0,3.0,2.0,6.0,0.407,0.375,0.75
2024-25,1631204,1610612765,57,810.786666666667,375.0,69.0,133.0,37.0,4.0,54.0,0.463,0.382,0.843
2024-25,203935,1610612764,34,680.34,305.0,72.0,109.0,39.0,9.0,54.0,0.393,0.348,0.761
2024-25,1631109,1610612766,44,1171.045,671.0,447.0,109.0,32.0,54.0,71.0,0.604,0.0,0.804
2024-25,1628365,1610612758,21,184.058333333333,61.0,20.0,27.0,10.0,2.0,15.0,0.418,0.5,1.0
2024-25,202693,1610612747,15,164.433333333333,56.0,23.0,21.0,2.0,3.0,5.0,0.3,0.25,0.833
2024-25,1628963,1610612763,31,265.226666666667,136.0,84.0,11.0,9.0,8.0,12.0,0.519,0.158,0.657
2024-25,1630222,1610612758,10,45.3916666666667,23.0,9.0,11.0,0.0,1.0,1.0,0.5,0.125,0.8
2024-25,203486,1610612756,74,1300.045,333.0,455.0,134.0,33.0,47.0,59.0,0.619,0.0,0.648
2024-25,1641824,1610612741,80,1511.295,688.0,278.0,79.0,29.0,75.0,74.0,0.454,0.361,0.815
2024-25,1629680,1610612757,15,312.281666666667,112.0,52.0,28.0,33.0,9.0,13.0,0.477,0.438,0.467
2024-25,1630346,1610612740,19,67.8216666666667,28.0,8.0,3.0,2.0,0.0,3.0,0.323,0.316,1.0
2024-25,1631108,1610612742,78,2127.14166666667,749.0,258.0,146.0,64.0,31.0,88.0,0.427,0.366,0.855
2024-25,1629622,1610612739,50,1272.725,471.0,217.0,158.0,26.0,12.0,54.0,0.442,0.386,0.824
2024-25,1628467,1610612747,34,636.875,103.0,95.0,43.0,9.0,17.0,23.0,0.385,0.265,0.762
2024-25,1641721,1610612751,28,327.688333333333,116.0,55.0,19.0,9.0,7.0,14.0,0.417,0.38,0.7
2024-25,1630695,1610612762,38,705.165,162.0,164.0,31.0,14.0,14.0,31.0,0.422,0.316,0.85
2024-25,1629008,1610612743,77,2593.26333333333,1398.0,540.0,165.0,50.0,38.0,104.0,0.504,0.395,0.768
2024-25,1628969,1610612752,82,3036.07666666667,1444.0,259.0,306.0,75.0,43.0,132.0,0.5,0.354,0.814
2024-25,201144,1610612750,71,1755.85,582.0,182.0,319.0,79.0,14.0,75.0,0.4,0.41,0.9
2024-25,1628970,1610612766,64,2028.735,1300.0,481.0,248.0,44.0,45.0,136.0,0.431,0.313,0.87
2024-25,1630540,1610612752,64,1593.455,611.0,161.0,187.0,67.0,17.0,41.0,0.406,0.369,0.813
2024-25,1641936,1610612738,3,34.9166666666667,7.0,9.0,0.0,2.0,1.0,0.0,0.222,0.286,0.5
2024-25,1629011,1610612752,17,290.123333333333,87.0,101.0,13.0,16.0,18.0,10.0,0.661,0.0,0.684
2024-25,1628964,1610612740,32,413.485,138.0,145.0,18.0,9.0,31.0,20.0,0.464,0.278,0.704
2024-25,1628420,1610612756,45,570.77,233.0,67.0,73.0,20.0,3.0,21.0,0.426,0.36,0.857
2024-25,1629021,1610612753,30,564.156666666667,386.0,148.0,42.0,24.0,12.0,49.0,0.562,0.36,0.718
2024-25,1629650,1610612742,13,118.576666666667,76.0,44.0,2.0,6.0,4.0,11.0,0.694,0.0,0.727
2024-25,1630541,1610612744,74,1649.15,724.0,189.0,96.0,59.0,31.0,54.0,0.433,0.374,0.797
2024-25,1631243,1610612737,33,532.756666666667,197.0,139.0,27.0,28.0,33.0,15.0,0.421,0.259,0.762
2024-25,1631217,1610612766,71,1240.63333333333,403.0,438.0,56.0,46.0,40.0,61.0,0.596,0.0,0.595
2024-25,1626167,1610612754,72,2173.63666666667,1120.0,471.0,111.0,54.0,144.0,123.0,0.481,0.396,0.773
2024-25,1642368,1610612745,4,50.6166666666667,24.0,21.0,2.0,1.0,5.0,2.0,0.769,0.0,0.8
2024-25,1641772,1610612739,5,63.4,36.0,21.0,2.0,0.0,1.0,2.0,0.406,0.2,0.727
2024-25,1630230,1610612742,69,1919.08333333333,914.0,328.0,208.0,70.0,11.0,112.0,0.508,0.275,0.813
2024-25,1631466,1610612745,20,146.62,65.0,13.0,9.0,8.0,4.0,14.0,0.435,0.231,0.625
2024-25,1629675,1610612750,80,2200.11666666667,1138.0,480.0,181.0,58.0,72.0,108.0,0.462,0.379,0.776
2024-25,1629674,1610612738,62,863.09,310.0,236.0,45.0,18.0,42.0,40.0,0.65,0.0,0.754
2024-25,1629651,1610612751,70,1881.73166666667,724.0,515.0,157.0,62.0,100.0,87.0,0.563,0.238,0.513
2024-25,1630208,1610612756,57,1256.22333333333,529.0,466.0,49.0,14.0,55.0,81.0,0.591,0.0,0.744
2024-25,1641733,1610612766,60,1368.74666666667,591.0,128.0,145.0,17.0,6.0,82.0,0.391,0.34,0.935
2024-25,1629638,1610612750,82,2073.10166666667,773.0,265.0,223.0,50.0,34.0,99.0,0.438,0.381,0.78
2024-25,201587,1610612746,78,1367.37333333333,313.0,218.0,84.0,52.0,36.0,34.0,0.437,0.433,0.81
2024-25,203999,1610612743,70,2570.765,2071.0,892.0,716.0,127.0,45.0,230.0,0.576,0.417,0.8
2024-25,1631107,1610612748,46,1155.67666666667,494.0,180.0,131.0,38.0,13.0,60.0,0.456,0.371,0.828
2024-25,202696,1610612741,73,2278.25,1349.0,735.0,256.0,61.0,52.0,119.0,0.53,0.402,0.805
2024-25,1641730,1610612751,46,1042.28666666667,420.0,181.0,40.0,24.0,21.0,46.0,0.358,0.333,0.838
2024-25,1626181,1610612746,60,1957.98833333333,1306.0,190.0,125.0,73.0,9.0,108.0,0.484,0.418,0.804
2024-25,1628384,1610612752,74,2705.77666666667,1332.0,358.0,164.0,110.0,65.0,102.0,0.476,0.372,0.81
2024-25,1630167,1610612754,79,1544.815,833.0,318.0,128.0,46.0,28.0,68.0,0.529,0.365,0.781
2024-25,1630534,1610612761,64,1738.67,667.0,242.0,98.0,58.0,30.0,54.0,0.498,0.399,0.708
2024-25,1641765,1610612742,52,584.07,201.0,126.0,40.0,26.0,6.0,14.0,0.402,0.235,0.645
2024-25,1630168,1610612737,74,2063.92666666667,988.0,660.0,168.0,69.0,68.0,90.0,0.567,0.324,0.759
2024-25,1631115,1610612761,44,769.801666666667,303.0,220.0,77.0,17.0,16.0,49.0,0.444,0.327,0.771
2024-25,1631131,1610612762,14,255.173333333333,107.0,122.0,9.0,13.0,1.0,10.0,0.6,0.0,0.742
2024-25,1629052,1610612755,6,142.241666666667,52.0,22.0,4.0,4.0,3.0,8.0,0.487,0.333,0.571
2024-25,1642345,1610612756,61,1045.545,255.0,222.0,71.0,28.0,29.0,39.0,0.604,0.0,0.58
2024-25,1631172,1610612760,37,404.841666666667,142.0,81.0,31.0,17.0,7.0,18.0,0.432,0.324,0.688
2024-25,200782,1610612752,3,57.8683333333333,9.0,8.0,0.0,1.0,1.0,1.0,0.429,0.5,0.0
2024-25,1629023,1610612742,57,1834.85833333333,836.0,442.0,131.0,63.0,60.0,118.0,0.453,0.381,0.722
2024-25,1628408,1610612750,9,34.9166666666667,7.0,5.0,5.0,1.0,0.0,1.0,0.667,0.667,0.167
2024-25,1641790,1610612743,19,66.1833333333333,33.0,22.0,4.0,0.0,4.0,2.0,0.583,0.25,0.75
2024-25,1642359,1610612752,18,111.178333333333,30.0,18.0,5.0,3.0,2.0,4.0,0.323,0.316,0.667
2024-25,1631094,1610612753,46,1581.53,1191.0,345.0,219.0,36.0,28.0,136.0,0.452,0.32,0.727
2024-25,1627783,1610612754,78,2547.85333333333,1578.0,540.0,263.0,70.0,42.0,109.0,0.519,0.389,0.734
2024-25,1626192,1610612749,41,602.826666666667,216.0,109.0,70.0,9.0,11.0,24.0,0.469,0.321,0.774
2024-25,1630311,1610612744,39,249.611666666667,98.0,46.0,48.0,14.0,3.0,18.0,0.406,0.227,0.733
2024-25,1631116,1610612746,24,106.748333333333,53.0,25.0,3.0,3.0,2.0,5.0,0.543,0.565,0.5
2024-25,1630172,1610612741,63,1576.32666666667,566.0,237.0,124.0,48.0,32.0,86.0,0.397,0.353,0.723
2024-25,201988,1610612746,29,320.655,111.0,22.0,26.0,13.0,3.0,17.0,0.375,0.347,0.929
2024-25,202331,1610612755,41,1333.59333333333,665.0,219.0,178.0,75.0,20.0,106.0,0.43,0.358,0.814
2024-25,1630194,1610612765,45,437.536666666667,184.0,123.0,44.0,39.0,25.0,26.0,0.507,0.286,0.762
2024-25,1630202,1610612738,80,2270.875,1144.0,307.0,279.0,70.0,14.0,83.0,0.472,0.407,0.845
2024-25,1641796,1610612748,55,781.946666666667,251.0,92.0,65.0,32.0,7.0,24.0,0.438,0.337,0.672
2024-25,1631250,1610612749,13,138.166666666667,38.0,21.0,10.0,2.0,2.0,4.0,0.438,0.375,0.5
2024-25,1631212,1610612743,68,1655.72833333333,551.0,233.0,94.0,48.0,93.0,56.0,0.477,0.353,0.693
2024-25,1630762,1610612755,5,44.3966666666667,8.0,8.0,2.0,1.0,2.0,1.0,0.143,0.0,1.0
2024-25,1630173,1610612752,57,1169.61333333333,379.0,317.0,55.0,47.0,42.0,45.0,0.502,0.278,0.594
2024-25,1629656,1610612755,75,2013.09,1092.0,324.0,228.0,74.0,22.0,141.0,0.467,0.385,0.757
2024-25,1631245,1610612754,28,381.038333333333,162.0,44.0,53.0,21.0,5.0,16.0,0.475,0.375,0.775
2024-25,1642439,1610612747,2,10.3,3.0,0.0,1.0,0.0,0.0,1.0,0.2,0.2,0.0
2024-25,1642366,1610612744,42,685.756666666667,340.0,148.0,56.0,16.0,18.0,33.0,0.449,0.408,0.778
2024-25,1629628,1610612761,58,1868.80333333333,1223.0,366.0,314.0,46.0,17.0,166.0,0.468,0.35,0.63
2024-25,1642484,1610612754,11,70.3833333333333,30.0,12.0,14.0,7.0,2.0,5.0,0.333,0.286,1.0
2024-25,1641712,1610612757,52,459.541666666667,155.0,70.0,25.0,16.0,4.0,30.0,0.408,0.271,0.767
2024-25,1641736,1610612751,36,469.303333333333,93.0,39.0,63.0,33.0,2.0,21.0,0.327,0.175,0.762
2024-25,1642263,1610612745,52,654.351666666667,229.0,78.0,75.0,35.0,17.0,37.0,0.351,0.338,0.813
2024-25,202704,1610612755,31,383.991666666667,136.0,42.0,45.0,16.0,3.0,17.0,0.391,0.338,0.778
2024-25,1626158,1610612764,31,534.135,230.0,177.0,42.0,9.0,23.0,21.0,0.647,0.0,0.833
2024-25,1641741,1610612755,73,1250.015,532.0,214.0,97.0,32.0,13.0,52.0,0.382,0.258,0.804
2024-25,1642434,1610612759,1,6.75,0.0,2.0,0.0,0.0,0.0,0.0,0.0,0.0,0.0
2024-25,1642265,1610612750,49,515.975,219.0,50.0,98.0,20.0,1.0,53.0,0.441,0.338,0.533
2024-25,1629057,1610612757,20,351.33,116.0,118.0,21.0,13.0,33.0,17.0,0.641,0.333,0.882
2024-25,1631199,1610612765,1,17.0,4.0,7.0,2.0,0.0,0.0,0.0,0.125,0.0,1.0
2024-25,1641842,1610612765,81,1266.32166666667,522.0,218.0,82.0,49.0,17.0,72.0,0.474,0.238,0.754
2024-25,1626220,1610612756,75,1836.87333333333,680.0,349.0,163.0,67.0,33.0,65.0,0.423,0.406,0.731
2024-25,203497,1610612750,72,2388.42333333333,866.0,785.0,127.0,56.0,104.0,89.0,0.669,0.0,0.674
2024-25,1629060,1610612747,59,1868.825,775.0,295.0,83.0,45.0,26.0,49.0,0.509,0.413,0.77
2024-25,201566,1610612743,75,2092.29166666667,994.0,370.0,457.0,106.0,37.0,242.0,0.449,0.323,0.661
2024-25,1642346,1610612756,74,1410.41666666667,511.0,267.0,57.0,44.0,40.0,40.0,0.43,0.311,0.487
2024-25,1631157,1610612749,56,819.525,349.0,108.0,104.0,42.0,17.0,53.0,0.487,0.408,0.8
2024-25,1630573,1610612738,71,1541.13333333333,605.0,224.0,64.0,41.0,13.0,23.0,0.451,0.416,1.0
2024-25,1630241,1610612739,71,1401.28166666667,509.0,157.0,108.0,53.0,14.0,35.0,0.406,0.372,0.966
2024-25,1630572,1610612759,61,681.208333333333,385.0,187.0,48.0,22.0,17.0,26.0,0.502,0.373,0.741
2024-25,1630583,1610612763,65,1659.64833333333,811.0,416.0,188.0,52.0,29.0,71.0,0.483,0.368,0.691
2024-25,1630703,1610612757,66,1759.07166666667,837.0,198.0,335.0,68.0,13.0,177.0,0.419,0.354,0.767
2024-25,1630567,1610612761,65,2134.13,1252.0,502.0,378.0,93.0,63.0,184.0,0.446,0.271,0.755
2024-25,1630590,1610612763,79,1682.88,779.0,259.0,347.0,103.0,30.0,138.0,0.48,0.397,0.713
2024-25,203552,1610612766,68,1061.95666666667,444.0,113.0,60.0,27.0,7.0,32.0,0.478,0.456,0.846
2024-25,1631101,1610612757,72,2252.33,1335.0,324.0,198.0,62.0,16.0,150.0,0.452,0.311,0.785
2024-25,1628983,1610612760,76,2597.63,2484.0,379.0,486.0,131.0,77.0,183.0,0.519,0.375,0.898
2024-25,1629003,1610612747,57,836.276666666667,315.0,104.0,102.0,25.0,4.0,40.0,0.453,0.358,0.797
2024-25,1631321,1610612757,22,114.463333333333,32.0,21.0,15.0,2.0,1.0,11.0,0.433,0.231,0.333
2024-25,1631323,1610612765,75,1236.68166666667,446.0,215.0,65.0,31.0,12.0,54.0,0.402,0.335,0.833
2024-25,1627746,1610612758,4,11.96,5.0,3.0,1.0,0.0,0.0,0.0,0.5,1.0,0.0
2024-25,203915,1610612742,79,2136.085,872.0,209.0,349.0,70.0,17.0,102.0,0.416,0.334,0.802
2024-25,1642461,1610612743,20,124.625,26.0,17.0,5.0,5.0,5.0,5.0,0.324,0.059,1.0
2024-25,1630649,1610612749,22,85.7766666666667,15.0,17.0,4.0,3.0,6.0,3.0,0.192,0.2,0.5
2024-25,201939,1610612744,70,2252.45,1718.0,310.0,421.0,80.0,30.0,200.0,0.448,0.397,0.933
2024-25,1642264,1610612759,81,2162.02166666667,1190.0,297.0,332.0,74.0,22.0,177.0,0.428,0.285,0.724
2024-25,203500,1610612745,58,794.066666666667,225.0,327.0,66.0,22.0,28.0,54.0,0.545,0.0,0.462
2024-25,1629004,1610612762,38,760.306666666667,334.0,90.0,76.0,19.0,7.0,52.0,0.391,0.345,0.8
2024-25,204456,1610612754,79,1415.43333333333,720.0,193.0,351.0,83.0,21.0,109.0,0.519,0.306,0.74
2024-25,201959,1610612766,37,408.85,107.0,120.0,21.0,9.0,18.0,25.0,0.495,0.5,0.6
2024-25,1629659,1610612741,58,723.695,379.0,100.0,83.0,21.0,11.0,40.0,0.457,0.336,0.735
2024-25,1631106,1610612745,57,1420.19333333333,686.0,362.0,83.0,97.0,50.0,65.0,0.487,0.342,0.76
2024-25,1627752,1610612749,80,2165.86,656.0,287.0,155.0,76.0,15.0,82.0,0.457,0.439,0.813
2024-25,1641707,1610612762,3,74.5166666666667,14.0,15.0,2.0,5.0,4.0,2.0,0.222,0.25,0.75
2024-25,1631386,1610612757,2,19.85,6.0,8.0,1.0,2.0,0.0,2.0,0.2,0.25,0.5
2024-25,1629611,1610612737,67,1414.25,517.0,199.0,121.0,47.0,15.0,47.0,0.496,0.368,0.691
2024-25,1629056,1610612758,1,7.88333333333333,0.0,1.0,1.0,0.0,0.0,0.0,0.0,0.0,0.0
2024-25,1630545,1610612750,32,338.828333333333,138.0,47.0,32.0,7.0,5.0,15.0,0.482,0.355,0.81
2024-25,1626179,1610612748,64,1658.22,679.0,238.0,167.0,37.0,14.0,78.0,0.391,0.295,0.852
2024-25,1630678,1610612758,3,6.33333333333333,0.0,1.0,2.0,0.0,0.0,0.0,0.0,0.0,0.0
2024-25,1628418,1610612754,66,963.016666666667,429.0,251.0,53.0,28.0,41.0,30.0,0.508,0.324,0.859
2024-25,1642275,1610612766,60,1244.35333333333,353.0,280.0,74.0,29.0,14.0,58.0,0.33,0.283,0.713
2024-25,203501,1610612765,77,2152.795,844.0,183.0,123.0,38.0,7.0,48.0,0.406,0.368,0.855
2024-25,202699,1610612765,73,2305.41333333333,1002.0,432.0,162.0,74.0,57.0,85.0,0.477,0.345,0.861
2024-25,1642449,1610612765,1,22.35,14.0,8.0,0.0,0.0,0.0,2.0,0.667,0.0,0.667
2024-25,1628396,1610612754,14,112.738333333333,61.0,42.0,6.0,2.0,9.0,5.0,0.644,0.333,0.333
2024-25,1628470,1610612738,26,313.946666666667,108.0,73.0,17.0,8.0,12.0,8.0,0.422,0.364,0.667
2024-25,1641787,1610612751,28,664.93,267.0,120.0,55.0,24.0,10.0,39.0,0.427,0.312,0.753
2024-25,1641739,1610612757,78,2548.05166666667,882.0,450.0,175.0,116.0,50.0,109.0,0.458,0.375,0.722
2024-25,1629027,1610612737,76,2739.06,1841.0,236.0,880.0,91.0,12.0,355.0,0.411,0.34,0.875
2024-25,1631218,1610612744,62,966.786666666667,407.0,311.0,104.0,23.0,38.0,45.0,0.576,0.0,0.578
2024-25,1630200,1610612741,46,904.971666666667,330.0,116.0,192.0,37.0,10.0,35.0,0.538,0.396,0.821
2024-25,1630544,1610612766,13,319.045,183.0,38.0,39.0,7.0,4.0,25.0,0.435,0.4,0.905
2024-25,1630570,1610612751,44,912.676666666667,450.0,160.0,115.0,27.0,12.0,83.0,0.469,0.33,0.762
2024-25,1642280,1610612746,6,26.515,11.0,4.0,0.0,0.0,0.0,1.0,0.364,0.0,1.0
2024-25,1630243,1610612753,31,430.28,152.0,54.0,38.0,31.0,10.0,22.0,0.381,0.286,0.857
2024-25,1641725,1610612743,24,117.221666666667,32.0,12.0,11.0,2.0,1.0,5.0,0.317,0.176,0.75
2024-25,1641998,1610612747,38,392.023333333333,95.0,105.0,16.0,9.0,15.0,24.0,0.554,0.0,0.394
2024-25,1626168,1610612758,69,1349.52166666667,451.0,316.0,82.0,41.0,23.0,39.0,0.42,0.34,0.7
2024-25,1630530,1610612740,53,1854.23,1124.0,268.0,188.0,56.0,39.0,103.0,0.454,0.361,0.887
2024-25,202684,1610612739,40,328.17,69.0,134.0,24.0,2.0,11.0,14.0,0.437,0.0,0.233
2024-25,1641774,1610612764,35,512.51,330.0,130.0,39.0,11.0,23.0,42.0,0.496,0.373,0.776
2024-25,1641783,1610612753,74,1628.61166666667,533.0,245.0,113.0,33.0,18.0,56.0,0.412,0.335,0.873
2024-25,1641803,1610612750,8,16.145,3.0,4.0,2.0,1.0,0.0,2.0,0.125,0.0,1.0
2024-25,1629660,1610612739,70,1392.4,878.0,173.0,237.0,78.0,3.0,92.0,0.516,0.439,0.872
2024-25,1631102,1610612756,16,118.348333333333,35.0,13.0,16.0,3.0,0.0,3.0,0.311,0.19,0.5
2024-25,1629639,1610612748,77,2725.08,1840.0,399.0,424.0,69.0,17.0,198.0,0.472,0.375,0.878
2024-25,1642278,1610612752,41,296.151666666667,81.0,27.0,70.0,12.0,4.0,18.0,0.329,0.298,0.765
2024-25,1641890,1610612749,23,121.573333333333,67.0,25.0,4.0,3.0,4.0,8.0,0.48,0.433,0.75
2024-25,1630169,1610612754,73,2450.39166666667,1359.0,258.0,673.0,105.0,49.0,120.0,0.473,0.388,0.851
2024-25,1631213,1610612751,60,1315.32,523.0,219.0,122.0,34.0,9.0,74.0,0.406,0.351,0.793
2024-25,1630178,1610612755,52,1960.195,1369.0,174.0,317.0,91.0,21.0,124.0,0.437,0.337,0.879
2024-25,1630623,1610612751,7,151.081666666667,55.0,9.0,12.0,3.0,1.0,8.0,0.327,0.295,0.8
2024-25,1626145,1610612756,81,2173.51666666667,829.0,196.0,429.0,69.0,8.0,91.0,0.448,0.414,0.895
2024-25,1642279,1610612761,7,32.175,5.0,8.0,2.0,0.0,1.0,2.0,0.4,0.0,0.5
2024-25,203995,1610612756,41,784.908333333333,269.0,89.0,128.0,15.0,0.0,77.0,0.348,0.36,0.829
2024-25,1641705,1610612759,46,1527.25333333333,1116.0,506.0,168.0,52.0,176.0,149.0,0.476,0.352,0.836
2024-25,1631246,1610612763,27,498.546666666667,179.0,98.0,55.0,12.0,7.0,33.0,0.401,0.274,0.792
2024-25,1628427,1610612743,13,135.828333333333,24.0,32.0,9.0,3.0,2.0,11.0,0.385,0.267,0.0
2024-25,1630249,1610612737,57,1152.63166666667,412.0,156.0,147.0,36.0,26.0,50.0,0.497,0.437,0.711
2024-25,1631117,1610612762,58,1740.32,641.0,707.0,97.0,36.0,138.0,86.0,0.663,0.176,0.52
2024-25,1628976,1610612753,68,1758.26833333333,618.0,492.0,134.0,52.0,41.0,77.0,0.46,0.234,0.737
2024-25,1631111,1610612766,36,498.916666666667,150.0,95.0,42.0,20.0,5.0,27.0,0.468,0.341,0.818
2024-25,1630214,1610612738,33,230.903333333333,34.0,43.0,7.0,11.0,5.0,14.0,0.245,0.156,0.75
2024-25,1642530,1610612763,22,92.6666666666667,36.0,12.0,19.0,2.0,0.0,5.0,0.367,0.304,0.778
2024-25,1641879,1610612744,2,16.3,2.0,3.0,4.0,2.0,0.0,0.0,0.333,0.0,0.0
2024-25,1642274,1610612740,73,1955.79,665.0,601.0,99.0,37.0,98.0,82.0,0.547,0.0,0.623
2024-25,1642258,1610612737,75,1843.38666666667,942.0,268.0,92.0,52.0,37.0,92.0,0.458,0.355,0.711
2024-25,1628380,1610612741,64,977.06,407.0,288.0,111.0,29.0,29.0,60.0,0.507,0.302,0.885
2024-25,1641744,1610612763,66,1415.765,610.0,548.0,65.0,36.0,85.0,88.0,0.58,0.346,0.709
2024-25,203897,1610612758,74,2602.48,1724.0,315.0,310.0,58.0,12.0,208.0,0.511,0.446,0.825
2024-25,1630192,1610612743,57,607.966666666667,184.0,90.0,23.0,25.0,38.0,14.0,0.496,0.327,0.614
2024-25,1630533,1610612751,63,1541.40333333333,632.0,287.0,84.0,62.0,28.0,67.0,0.412,0.341,0.821
2024-25,1629627,1610612740,30,857.276666666667,737.0,216.0,159.0,37.0,27.0,90.0,0.567,0.231,0.656
2024-25,1642389,1610612763,3,2.60166666666667,0.0,0.0,0.0,0.0,0.0,0.0,0.0,0.0,0.0
2025-26,1630639,1610612761,24,226.115,101.0,43.0,7.0,12.0,4.0,6.0,0.436,0.422,0.778
2025-26,1631260,1610612749,78,2269.93333333333,809.0,213.0,152.0,39.0,8.0,75.0,0.424,0.419,0.855
2025-26,1642358,1610612742,48,453.433333333333,160.0,55.0,47.0,11.0,3.0,30.0,0.324,0.211,0.85
2025-26,203932,1610612743,36,1004.95833333333,582.0,209.0,96.0,21.0,10.0,38.0,0.497,0.389,0.767
2025-26,1628988,1610612745,57,780.731666666667,312.0,58.0,60.0,27.0,5.0,38.0,0.417,0.394,0.854
2025-26,1630174,1610612754,45,1334.95,621.0,187.0,86.0,26.0,23.0,63.0,0.414,0.379,0.829
2025-26,1630598,1610612760,65,1413.98,611.0,199.0,109.0,60.0,28.0,81.0,0.431,0.356,0.736
2025-26,1642846,1610612762,72,1987.64333333333,993.0,302.0,131.0,60.0,49.0,107.0,0.443,0.344,0.75
2025-26,1642380,1610612763,8,241.315,83.0,25.0,19.0,9.0,1.0,6.0,0.412,0.409,0.9
2025-26,1641737,1610612755,71,1234.16166666667,344.0,307.0,32.0,30.0,82.0,56.0,0.595,0.333,0.708
2025-26,1642876,1610612747,25,148.903333333333,47.0,28.0,10.0,7.0,2.0,9.0,0.516,0.333,0.636
2025-26,1642349,1610612760,57,1472.79833333333,774.0,190.0,206.0,71.0,18.0,81.0,0.485,0.347,0.87
2025-26,201143,1610612744,45,969.185,372.0,219.0,116.0,30.0,51.0,42.0,0.426,0.361,0.846
2025-26,1630828,1610612749,6,20.6383333333333,19.0,6.0,1.0,0.0,1.0,1.0,0.375,0.286,0.733
2025-26,1627936,1610612760,56,1020.34666666667,348.0,155.0,110.0,72.0,17.0,48.0,0.423,0.293,0.804
2025-26,1631457,1610612753,4,23.5833333333333,8.0,3.0,4.0,0.0,0.0,4.0,0.429,0.0,1.0
2025-26,1642259,1610612764,48,1304.66166666667,783.0,355.0,130.0,39.0,95.0,82.0,0.482,0.333,0.692
2025-26,1642918,1610612761,23,145.615,51.0,21.0,12.0,8.0,4.0,8.0,0.32,0.19,0.789
2025-26,1631214,1610612764,4,100.783333333333,44.0,25.0,12.0,3.0,3.0,5.0,0.615,0.357,0.875
2025-26,1630578,1610612745,72,2397.695,1466.0,640.0,445.0,85.0,77.0,227.0,0.519,0.305,0.691
2025-26,1642873,1610612738,22,145.723333333333,30.0,40.0,10.0,3.0,10.0,11.0,0.5,0.0,0.714
2025-26,1641708,1610612745,79,2953.15,1443.0,614.0,420.0,119.0,48.0,190.0,0.534,0.216,0.779
2025-26,1629599,1610612756,46,490.501666666667,149.0,57.0,27.0,9.0,5.0,9.0,0.487,0.347,0.786
2025-26,1643158,1610612762,5,168.75,26.0,42.0,14.0,8.0,4.0,7.0,0.31,0.077,0.778
2025-26,203083,1610612755,63,1230.74833333333,403.0,532.0,80.0,38.0,49.0,61.0,0.472,0.356,0.631
2025-26,1641748,1610612749,48,408.108333333333,113.0,72.0,43.0,19.0,4.0,31.0,0.328,0.25,0.625
2025-26,1629614,1610612754,57,1785.59333333333,966.0,160.0,437.0,51.0,8.0,137.0,0.442,0.361,0.825
2025-26,203952,1610612748,68,2062.59833333333,1045.0,329.0,182.0,76.0,69.0,103.0,0.475,0.414,0.784
2025-26,1629014,1610612741,55,1371.93333333333,785.0,135.0,134.0,27.0,8.0,68.0,0.44,0.385,0.896
2025-26,1641710,1610612753,64,1910.05,959.0,244.0,236.0,91.0,45.0,132.0,0.447,0.333,0.732
2025-26,203076,1610612764,20,625.63,407.0,221.0,56.0,22.0,33.0,41.0,0.506,0.27,0.728
2025-26,1630162,1610612750,61,2136.59333333333,1757.0,302.0,226.0,83.0,49.0,174.0,0.489,0.399,0.796
2025-26,1630264,1610612764,55,950.946666666667,321.0,158.0,69.0,31.0,21.0,36.0,0.628,0.354,0.739
2025-26,1641810,1610612766,10,67.6766666666667,27.0,8.0,3.0,1.0,0.0,1.0,0.5,0.538,0.0
2025-26,1630574,1610612752,54,497.961666666667,117.0,159.0,29.0,9.0,26.0,32.0,0.563,0.25,0.788
2025-26,1642854,1610612737,44,499.908333333333,227.0,96.0,26.0,16.0,15.0,23.0,0.538,0.387,0.552
2025-26,1641709,1610612765,73,1895.61,721.0,418.0,228.0,146.0,69.0,110.0,0.525,0.25,0.571
2025-26,1630559,1610612747,51,1761.65,1187.0,240.0,280.0,56.0,20.0,151.0,0.49,0.36,0.871
2025-26,1630245,1610612750,69,1881.04333333333,1022.0,237.0,249.0,58.0,18.0,96.0,0.517,0.439,0.876
2025-26,1628389,1610612748,73,2364.685,1468.0,732.0,232.0,86.0,49.0,120.0,0.442,0.318,0.778
2025-26,1631248,1610612738,77,1429.30333333333,427.0,269.0,116.0,42.0,6.0,46.0,0.453,0.399,0.903
2025-26,1642879,1610612751,44,916.318333333333,332.0,92.0,145.0,38.0,8.0,99.0,0.396,0.211,0.83
2025-26,1641767,1610612754,65,1390.47666666667,459.0,195.0,114.0,39.0,6.0,41.0,0.434,0.362,0.765
2025-26,1631097,1610612746,54,1620.015,949.0,293.0,129.0,43.0,13.0,118.0,0.43,0.315,0.869
2025-26,1643016,1610612762,15,492.185,122.0,57.0,62.0,34.0,5.0,22.0,0.5,0.194,0.64
2025-26,1641731,1610612764,56,1467.605,657.0,243.0,145.0,75.0,54.0,81.0,0.425,0.319,0.746
2025-26,202687,1610612759,25,141.353333333333,23.0,26.0,5.0,4.0,2.0,8.0,0.6,0.0,0.714
2025-26,1642396,1610612762,14,285.433333333333,167.0,33.0,16.0,5.0,2.0,5.0,0.513,0.468,0.75
2025-26,1631104,1610612757,31,360.818333333333,148.0,39.0,62.0,16.0,5.0,31.0,0.452,0.278,0.553
2025-26,1626171,1610612749,67,1619.31333333333,915.0,428.0,105.0,41.0,12.0,66.0,0.488,0.456,0.706
2025-26,1641752,1610612765,12,71.3833333333333,22.0,19.0,6.0,3.0,0.0,6.0,0.333,0.308,0.0
2025-26,203992,1610612746,23,452.06,171.0,59.0,51.0,10.0,3.0,27.0,0.388,0.347,0.8
2025-26,1630538,1610612750,71,1176.91833333333,604.0,127.0,188.0,44.0,17.0,70.0,0.453,0.388,0.78
2025-26,203078,1610612746,6,120.916666666667,49.0,5.0,10.0,3.0,0.0,9.0,0.375,0.368,0.75
2025-26,1642382,1610612760,42,488.203333333333,242.0,124.0,29.0,8.0,27.0,16.0,0.527,0.36,0.577
2025-26,1641764,1610612744,82,2332.67333333333,1133.0,419.0,304.0,88.0,15.0,131.0,0.455,0.371,0.797
2025-26,1629634,1610612763,2,20.4383333333333,8.0,6.0,1.0,2.0,0.0,0.0,0.333,0.0,0.5
2025-26,1627742,1610612761,77,2603.86333333333,1655.0,430.0,284.0,58.0,55.0,187.0,0.477,0.382,0.82
2025-26,1641706,1610612766,65,1968.31166666667,1311.0,319.0,217.0,66.0,44.0,163.0,0.435,0.383,0.892
2025-26,1630314,1610612742,66,1462.645,859.0,191.0,256.0,62.0,20.0,125.0,0.472,0.232,0.793
2025-26,1641729,1610612762,75,1761.86666666667,1116.0,231.0,143.0,54.0,12.0,124.0,0.46,0.367,0.826
2025-26,1642355,1610612747,42,375.491666666667,122.0,23.0,51.0,19.0,4.0,25.0,0.409,0.386,0.857
2025-26,201572,1610612746,75,1635.27333333333,634.0,273.0,97.0,45.0,87.0,61.0,0.428,0.36,0.757
2025-26,1642964,1610612760,40,347.881666666667,68.0,78.0,22.0,11.0,5.0,10.0,0.38,0.292,0.7
2025-26,1628971,1610612743,82,1997.78833333333,649.0,318.0,174.0,85.0,20.0,91.0,0.475,0.385,0.762
2025-26,1631121,1610612740,42,879.933333333333,340.0,88.0,62.0,27.0,8.0,17.0,0.481,0.409,0.779
2025-26,1642267,1610612764,82,2270.65,878.0,276.0,381.0,52.0,17.0,191.0,0.424,0.408,0.73
2025-26,1631205,1610612760,4,15.0033333333333,6.0,0.0,0.0,0.0,0.0,0.0,0.333,0.333,0.0
2025-26,1627741,1610612737,51,819.271666666667,390.0,116.0,71.0,39.0,9.0,48.0,0.437,0.349,0.811
2025-26,1643047,1610612756,4,40.4,12.0,5.0,2.0,1.0,0.0,0.0,0.545,0.0,0.0
2025-26,203468,1610612737,76,2263.37166666667,1424.0,252.0,293.0,64.0,35.0,135.0,0.455,0.375,0.772
2025-26,1630595,1610612765,64,2171.67166666667,1531.0,355.0,634.0,92.0,54.0,236.0,0.461,0.342,0.812
2025-26,1631216,1610612737,18,75.4666666666667,42.0,11.0,4.0,2.0,1.0,4.0,0.538,0.524,1.0
2025-26,1631126,1610612757,49,1012.60833333333,509.0,114.0,123.0,27.0,4.0,62.0,0.388,0.318,0.735
2025-26,1628997,1610612742,58,856.211666666667,227.0,143.0,81.0,40.0,15.0,40.0,0.45,0.351,0.607
2025-26,1642353,1610612746,55,479.75,156.0,78.0,31.0,16.0,3.0,22.0,0.381,0.245,0.76
2025-26,1642285,1610612763,72,1714.45166666667,798.0,183.0,400.0,52.0,11.0,93.0,0.473,0.449,0.94
2025-26,1630560,1610612749,42,880.526666666667,567.0,71.0,108.0,9.0,4.0,74.0,0.41,0.31,0.811
2025-26,1641715,1610612764,21,353.983333333333,193.0,58.0,15.0,15.0,8.0,18.0,0.456,0.286,0.742
2025-26,1629661,1610612743,54,1647.03166666667,660.0,206.0,132.0,40.0,21.0,47.0,0.48,0.43,0.839
2025-26,1626166,1610612755,22,374.336666666667,163.0,44.0,58.0,24.0,7.0,11.0,0.376,0.33,0.864
2025-26,1627747,1610612765,60,1154.415,443.0,117.0,159.0,51.0,41.0,82.0,0.417,0.333,0.679
2025-26,1642868,1610612759,71,817.865,298.0,178.0,47.0,16.0,23.0,33.0,0.408,0.335,0.714
2025-26,1641717,1610612760,77,2046.07,660.0,238.0,200.0,150.0,28.0,73.0,0.432,0.351,0.809
2025-26,1642907,1610612763,62,1597.94666666667,843.0,364.0,171.0,40.0,27.0,105.0,0.471,0.338,0.843
2025-26,1643052,1610612751,17,347.583333333333,139.0,79.0,36.0,15.0,9.0,20.0,0.543,0.3,0.8
2025-26,1629646,1610612744,13,152.703333333333,76.0,57.0,7.0,4.0,11.0,6.0,0.66,0.0,0.7
2025-26,1642404,1610612765,34,262.005,80.0,23.0,17.0,7.0,0.0,3.0,0.315,0.284,0.833
2025-26,1631096,1610612760,69,1997.26833333333,1181.0,614.0,115.0,43.0,131.0,107.0,0.557,0.362,0.792
2025-26,1628449,1610612738,9,94.15,21.0,18.0,3.0,5.0,7.0,1.0,0.32,0.133,0.75
2025-26,1641753,1610612739,3,17.4266666666667,9.0,3.0,1.0,1.0,0.0,0.0,0.571,0.0,1.0
2025-26,1643024,1610612747,9,46.085,7.0,10.0,3.0,5.0,2.0,1.0,0.333,0.0,0.75
2025-26,101108,1610612746,16,227.535,47.0,28.0,53.0,11.0,0.0,16.0,0.321,0.333,0.5
2025-26,1642959,1610612757,34,185.091666666667,71.0,28.0,12.0,4.0,3.0,2.0,0.349,0.333,0.9
2025-26,1631128,1610612743,44,1399.13833333333,526.0,211.0,120.0,30.0,12.0,43.0,0.519,0.301,0.782
2025-26,1631132,1610612737,27,356.668333333333,73.0,81.0,18.0,14.0,23.0,16.0,0.419,0.111,0.667
2025-26,1642935,1610612761,2,13.2333333333333,0.0,1.0,2.0,1.0,0.0,1.0,0.0,0.0,0.0
2025-26,203991,1610612745,75,925.661666666667,282.0,345.0,50.0,36.0,63.0,41.0,0.52,0.5,0.577
2025-26,1629632,1610612766,50,1249.78833333333,868.0,170.0,200.0,25.0,5.0,128.0,0.446,0.362,0.817
2025-26,1628998,1610612754,4,55.18,7.0,14.0,2.0,4.0,2.0,4.0,0.2,0.0,0.5
2025-26,1642262,1610612762,67,1630.54166666667,588.0,198.0,137.0,51.0,26.0,73.0,0.468,0.214,0.706
2025-26,1641732,1610612765,1,6.81666666666667,2.0,4.0,2.0,0.0,0.0,0.0,0.333,0.0,0.0
2025-26,1630175,1610612749,35,526.635,234.0,87.0,121.0,20.0,11.0,65.0,0.424,0.306,0.615
2025-26,1630658,1610612753,4,21.3833333333333,5.0,8.0,1.0,1.0,0.0,2.0,0.4,0.0,1.0
2025-26,1631221,1610612756,80,2281.80166666667,1012.0,327.0,371.0,99.0,16.0,125.0,0.418,0.401,0.874
2025-26,1642867,1610612761,57,1245.6,484.0,285.0,106.0,52.0,53.0,59.0,0.579,0.34,0.657
2025-26,1629012,1610612741,68,1613.20333333333,1050.0,155.0,223.0,76.0,10.0,141.0,0.485,0.401,0.855
2025-26,1642843,1610612742,70,2343.85833333333,1473.0,466.0,316.0,84.0,64.0,161.0,0.468,0.295,0.827
2025-26,1630557,1610612737,58,1079.60666666667,532.0,132.0,92.0,16.0,9.0,45.0,0.467,0.367,0.794
2025-26,1642504,1610612749,11,270.678333333333,157.0,28.0,19.0,11.0,3.0,17.0,0.52,0.458,0.923
2025-26,1641854,1610612739,64,1147.66166666667,289.0,220.0,205.0,57.0,38.0,59.0,0.45,0.355,0.6
2025-26,1642938,1610612743,10,87.7166666666667,29.0,11.0,10.0,4.0,0.0,2.0,0.407,0.333,0.5
2025-26,1626156,1610612764,26,494.775,264.0,61.0,104.0,12.0,2.0,49.0,0.405,0.295,0.717
2025-26,1629610,1610612758,3,59.9033333333333,31.0,5.0,1.0,2.0,0.0,0.0,0.579,0.444,1.0
2025-26,1641747,1610612743,25,209.51,93.0,35.0,16.0,1.0,6.0,12.0,0.508,0.444,0.786
2025-26,1631342,1610612758,32,844.368333333333,344.0,97.0,41.0,23.0,7.0,26.0,0.43,0.333,0.857
2025-26,1630625,1610612738,6,61.65,12.0,5.0,11.0,2.0,5.0,8.0,0.333,0.0,1.0
2025-26,1631207,1610612755,48,551.026666666667,176.0,86.0,66.0,29.0,15.0,26.0,0.439,0.364,0.533
2025-26,1642261,1610612747,54,552.928333333333,228.0,75.0,21.0,11.0,11.0,23.0,0.455,0.342,0.727
2025-26,1629655,1610612742,55,1194.43833333333,524.0,378.0,58.0,42.0,69.0,63.0,0.655,0.0,0.683
2025-26,1642450,1610612765,72,1455.3,671.0,166.0,278.0,64.0,15.0,115.0,0.408,0.374,0.832
2025-26,1642874,1610612751,57,1187.16166666667,508.0,281.0,127.0,30.0,32.0,73.0,0.405,0.322,0.771
2025-26,203967,1610612758,5,41.2483333333333,5.0,6.0,2.0,0.0,0.0,2.0,0.167,0.333,1.0
2025-26,1641727,1610612763,6,182.816666666667,98.0,24.0,9.0,4.0,0.0,10.0,0.398,0.317,0.714
2025-26,1642468,1610612739,1,2.66666666666667,0.0,1.0,0.0,0.0,0.0,0.0,0.0,0.0,0.0
2025-26,1629636,1610612746,45,1344.27666666667,845.0,107.0,301.0,43.0,8.0,130.0,0.46,0.396,0.861
2025-26,1642357,1610612759,11,67.975,32.0,13.0,18.0,6.0,1.0,5.0,0.52,0.6,0.5
2025-26,1631223,1610612743,5,73.0166666666667,40.0,20.0,4.0,4.0,1.0,2.0,0.5,0.273,1.0
2025-26,1630558,1610612748,70,2000.255,654.0,187.0,453.0,68.0,11.0,108.0,0.49,0.395,0.646
2025-26,1630549,1610612751,62,1159.915,540.0,413.0,145.0,67.0,26.0,106.0,0.601,0.231,0.678
2025-26,1628368,1610612759,72,2231.065,1336.0,270.0,445.0,89.0,19.0,164.0,0.486,0.332,0.76
2025-26,1629631,1610612758,45,1175.48666666667,615.0,185.0,90.0,30.0,6.0,75.0,0.415,0.305,0.867
2025-26,1629001,1610612744,49,1125.25666666667,602.0,158.0,125.0,77.0,20.0,91.0,0.407,0.294,0.826
2025-26,201599,1610612740,12,198.8,53.0,76.0,11.0,4.0,10.0,9.0,0.656,0.0,0.647
2025-26,1630610,1610612763,11,230.733333333333,88.0,51.0,36.0,10.0,8.0,26.0,0.398,0.133,0.783
2025-26,201942,1610612758,77,2405.515,1419.0,226.0,316.0,80.0,23.0,96.0,0.497,0.32,0.868
2025-26,1629731,1610612739,59,1317.68333333333,342.0,247.0,88.0,44.0,23.0,16.0,0.439,0.362,0.711
2025-26,1629028,1610612747,72,1958.385,897.0,575.0,59.0,41.0,70.0,83.0,0.671,0.0,0.645
2025-26,1627749,1610612740,14,389.416666666667,234.0,75.0,89.0,23.0,3.0,47.0,0.484,0.306,0.867
2025-26,1630166,1610612757,66,2199.385,1598.0,454.0,442.0,51.0,41.0,253.0,0.462,0.318,0.802
2025-26,203471,1610612739,70,1696.29833333333,756.0,190.0,341.0,55.0,11.0,124.0,0.405,0.329,0.834
2025-26,1641726,1610612742,7,115.273333333333,30.0,37.0,13.0,4.0,11.0,10.0,0.611,0.0,0.8
2025-26,1642852,1610612740,81,2023.38,948.0,572.0,298.0,84.0,74.0,190.0,0.473,0.261,0.795
2025-26,1627884,1610612746,50,1349.50833333333,504.0,173.0,69.0,45.0,50.0,40.0,0.499,0.359,0.763
2025-26,1628401,1610612738,77,2624.95666666667,1267.0,339.0,414.0,88.0,98.0,134.0,0.394,0.327,0.902
2025-26,1630217,1610612753,82,2756.045,1647.0,338.0,338.0,86.0,37.0,164.0,0.484,0.391,0.908
2025-26,1626164,1610612756,64,2146.43,1668.0,248.0,386.0,51.0,18.0,201.0,0.456,0.33,0.873
2025-26,1642269,1610612758,38,699.868333333333,339.0,125.0,101.0,34.0,9.0,54.0,0.414,0.263,0.713
2025-26,1630170,1610612759,67,2044.23166666667,932.0,269.0,167.0,57.0,25.0,60.0,0.437,0.384,0.815
2025-26,1628415,1610612756,56,1701.58333333333,1131.0,203.0,99.0,57.0,9.0,98.0,0.435,0.344,0.842
2025-26,1641794,1610612752,7,39.3883333333333,9.0,7.0,4.0,3.0,0.0,0.0,0.222,0.2,1.0
2025-26,1627734,1610612758,19,563.588333333333,301.0,216.0,78.0,18.0,4.0,51.0,0.543,0.185,0.727
2025-26,1631230,1610612755,71,1688.51833333333,545.0,340.0,87.0,63.0,53.0,56.0,0.539,0.256,0.718
2025-26,1642270,1610612757,77,2093.63666666667,934.0,892.0,162.0,44.0,130.0,95.0,0.52,0.341,0.68
2025-26,1628378,1610612739,70,2342.06333333333,1952.0,316.0,398.0,104.0,20.0,198.0,0.483,0.364,0.865
2025-26,1628978,1610612750,82,2494.03666666667,1000.0,336.0,313.0,104.0,34.0,118.0,0.406,0.379,0.743
2025-26,1627827,1610612745,37,620.311666666667,123.0,93.0,36.0,16.0,6.0,22.0,0.333,0.27,0.889
2025-26,203926,1610612758,29,439.198333333333,164.0,37.0,22.0,6.0,4.0,13.0,0.388,0.39,0.889
2025-26,1642962,1610612751,63,1319.51333333333,408.0,111.0,91.0,36.0,14.0,60.0,0.402,0.28,0.896
2025-26,203110,1610612744,68,1868.88833333333,570.0,375.0,376.0,61.0,42.0,181.0,0.418,0.326,0.702
2025-26,1629234,1610612758,42,552.27,219.0,127.0,19.0,15.0,26.0,30.0,0.596,0.143,0.561
2025-26,1641809,1610612766,6,64.2683333333333,5.0,9.0,2.0,3.0,1.0,0.0,0.125,0.0,0.5
2025-26,1631166,1610612747,27,235.081666666667,92.0,33.0,23.0,6.0,0.0,13.0,0.576,0.44,0.556
2025-26,1630696,1610612748,70,1141.30833333333,395.0,173.0,180.0,100.0,21.0,55.0,0.415,0.295,0.829
2025-26,1629130,1610612765,77,2113.15833333333,939.0,205.0,159.0,44.0,22.0,54.0,0.456,0.41,0.755
2025-26,1641871,1610612757,32,258.17,94.0,38.0,10.0,5.0,8.0,7.0,0.446,0.418,0.833
2025-26,203939,1610612742,63,904.411666666667,210.0,257.0,68.0,34.0,21.0,41.0,0.644,0.286,0.696
2025-26,1642928,1610612758,44,906.538333333333,238.0,332.0,62.0,30.0,67.0,39.0,0.587,0.5,0.51
2025-26,1642844,1610612759,69,1557.95666666667,813.0,234.0,266.0,54.0,24.0,99.0,0.505,0.343,0.756
2025-26,1630700,1610612737,76,2519.54,901.0,520.0,449.0,149.0,31.0,135.0,0.517,0.188,0.615
2025-26,1630604,1610612751,26,349.19,147.0,69.0,24.0,6.0,10.0,15.0,0.486,0.346,0.808
2025-26,1642856,1610612751,52,1308.20833333333,536.0,165.0,173.0,42.0,17.0,86.0,0.399,0.385,0.831
2025-26,1641989,1610612762,26,544.813333333333,178.0,53.0,75.0,31.0,6.0,26.0,0.335,0.239,0.766
2025-26,1641801,1610612759,5,33.05,15.0,3.0,4.0,2.0,0.0,0.0,0.462,0.333,0.5
2025-26,1642402,1610612750,4,37.2083333333333,13.0,10.0,2.0,2.0,3.0,2.0,0.5,0.5,0.75
2025-26,201569,1610612755,6,73.75,33.0,2.0,3.0,4.0,1.0,3.0,0.571,0.571,0.5
2025-26,1630679,1610612754,32,653.231666666667,223.0,69.0,57.0,20.0,9.0,25.0,0.378,0.328,0.787
2025-26,1630596,1610612739,65,2074.28833333333,1180.0,586.0,234.0,48.0,113.0,122.0,0.546,0.297,0.606
2025-26,1630532,1610612753,34,1019.00333333333,699.0,177.0,113.0,32.0,11.0,58.0,0.481,0.345,0.823
2025-26,1641713,1610612763,55,1177.765,686.0,235.0,81.0,31.0,44.0,85.0,0.496,0.332,0.742
2025-26,1629216,1610612737,53,879.078333333333,231.0,54.0,76.0,27.0,3.0,27.0,0.352,0.341,0.87
2025-26,202066,1610612761,22,72.9366666666667,17.0,9.0,9.0,4.0,2.0,7.0,0.267,0.25,0.667
2025-26,1629726,1610612754,15,196.1,78.0,17.0,10.0,6.0,3.0,3.0,0.404,0.37,0.826
2025-26,203914,1610612749,48,660.768333333333,128.0,61.0,51.0,27.0,9.0,19.0,0.442,0.412,0.889
2025-26,1627780,1610612744,73,1142.28,547.0,265.0,123.0,67.0,21.0,62.0,0.583,0.291,0.65
2025-26,1629018,1610612749,65,1377.38166666667,529.0,67.0,79.0,34.0,3.0,41.0,0.387,0.36,0.769
2025-26,203507,1610612749,36,1039.23,993.0,352.0,196.0,34.0,24.0,115.0,0.624,0.333,0.65
2025-26,1629048,1610612753,64,972.006666666667,375.0,320.0,84.0,37.0,61.0,43.0,0.676,0.182,0.711
2025-26,1641711,1610612761,76,1066.68833333333,455.0,147.0,51.0,45.0,7.0,42.0,0.419,0.301,0.875
2025-26,1641761,1610612751,4,35.01,17.0,6.0,5.0,1.0,5.0,4.0,0.556,0.0,0.7
2025-26,1629684,1610612766,36,711.453333333333,252.0,142.0,56.0,17.0,18.0,31.0,0.426,0.388,0.815
2025-26,1628960,1610612756,51,1467.27833333333,841.0,155.0,195.0,69.0,13.0,83.0,0.403,0.349,0.857
2025-26,1627824,1610612741,67,1007.05666666667,373.0,234.0,63.0,26.0,16.0,41.0,0.401,0.352,0.75
2025-26,1630611,1610612744,68,1395.36333333333,625.0,266.0,159.0,61.0,22.0,102.0,0.5,0.351,0.725
2025-26,203084,1610612759,77,1986.475,765.0,213.0,148.0,50.0,12.0,61.0,0.456,0.388,0.829
2025-26,1631127,1610612759,7,26.1166666666667,11.0,3.0,1.0,0.0,0.0,1.0,0.833,1.0,0.0
2025-26,1643060,1610612762,1,24.75,6.0,0.0,1.0,1.0,1.0,1.0,0.667,0.0,1.0
2025-26,1629312,1610612756,7,90.79,38.0,13.0,7.0,4.0,0.0,0.0,0.522,0.571,0.857
2025-26,1630529,1610612740,56,1588.38166666667,496.0,190.0,155.0,88.0,27.0,73.0,0.383,0.309,0.806
2025-26,1642864,1610612738,74,1083.93,289.0,246.0,40.0,42.0,21.0,38.0,0.476,0.362,0.5
2025-26,1630621,1610612740,5,42.4783333333333,12.0,5.0,2.0,1.0,2.0,3.0,0.357,0.0,1.0
2025-26,1642282,1610612755,7,25.6733333333333,7.0,1.0,4.0,0.0,1.0,5.0,0.6,0.0,0.5
2025-26,1641816,1610612743,21,161.9,46.0,36.0,17.0,2.0,1.0,5.0,0.269,0.212,0.846
2025-26,1630193,1610612761,70,2231.30833333333,1150.0,282.0,415.0,92.0,5.0,102.0,0.443,0.374,0.821
2025-26,1642403,1610612765,7,35.6833333333333,9.0,5.0,1.0,0.0,1.0,1.0,0.429,0.0,0.75
2025-26,1630171,1610612741,63,1694.89,584.0,173.0,100.0,46.0,29.0,46.0,0.46,0.33,0.795
2025-26,1642268,1610612762,59,1516.92,688.0,150.0,423.0,66.0,20.0,148.0,0.495,0.27,0.722
2025-26,1642384,1610612745,14,92.1,28.0,16.0,5.0,2.0,3.0,4.0,0.417,0.231,0.833
2025-26,1628392,1610612760,47,1137.425,432.0,443.0,166.0,48.0,36.0,82.0,0.622,0.0,0.61
2025-26,1630543,1610612746,55,908.311666666667,370.0,290.0,52.0,36.0,49.0,58.0,0.637,0.0,0.648
2025-26,1630198,1610612760,71,1507.445,785.0,181.0,94.0,50.0,11.0,45.0,0.455,0.423,0.894
2025-26,1630587,1610612756,36,347.36,65.0,61.0,21.0,13.0,8.0,12.0,0.344,0.3,0.75
2025-26,1641815,1610612758,3,42.7833333333333,10.0,3.0,10.0,5.0,0.0,2.0,0.429,0.0,1.0
2025-26,1630191,1610612765,58,1317.135,581.0,290.0,66.0,16.0,93.0,67.0,0.55,0.333,0.756
2025-26,1627826,1610612754,48,1446.69833333333,677.0,509.0,105.0,18.0,40.0,86.0,0.598,0.0,0.711
2025-26,1631120,1610612745,28,218.416666666667,69.0,34.0,35.0,6.0,6.0,7.0,0.375,0.25,0.684
2025-26,1629630,1610612763,20,568.5,389.0,65.0,161.0,20.0,6.0,71.0,0.41,0.235,0.897
2025-26,1642266,1610612761,72,1473.575,541.0,185.0,86.0,73.0,14.0,37.0,0.446,0.409,0.789
2025-26,1631095,1610612745,77,2705.365,1215.0,529.0,143.0,56.0,71.0,105.0,0.449,0.363,0.775
2025-26,1631133,1610612755,64,761.668333333333,276.0,192.0,34.0,23.0,13.0,27.0,0.455,0.337,0.735
2025-26,1631210,1610612737,5,16.8666666666667,8.0,1.0,1.0,0.0,1.0,0.0,0.667,0.0,0.0
2025-26,1630702,1610612764,57,898.096666666667,523.0,86.0,58.0,16.0,6.0,62.0,0.424,0.397,0.733
2025-26,1631093,1610612741,37,670.255,316.0,91.0,68.0,23.0,14.0,41.0,0.445,0.373,0.809
2025-26,1630183,1610612750,73,2316.41333333333,1084.0,310.0,199.0,81.0,73.0,131.0,0.515,0.412,0.835
2025-26,1630256,1610612745,46,404.723333333333,129.0,73.0,25.0,10.0,3.0,16.0,0.514,0.313,0.636
2025-26,1642942,1610612763,31,673.151666666667,192.0,81.0,69.0,37.0,14.0,49.0,0.395,0.253,0.543
2025-26,1642443,1610612748,14,58.195,25.0,4.0,9.0,1.0,0.0,3.0,0.4,0.333,1.0
2025-26,1643141,1610612746,8,32.0333333333333,1.0,3.0,1.0,1.0,0.0,1.0,0.0,0.0,0.25
2025-26,1631170,1610612748,75,2121.21,1152.0,375.0,352.0,51.0,21.0,152.0,0.507,0.317,0.769
2025-26,1631222,1610612747,82,2061.47,674.0,326.0,145.0,104.0,38.0,87.0,0.459,0.321,0.763
2025-26,1627751,1610612761,46,1149.06,493.0,323.0,93.0,40.0,32.0,57.0,0.7,0.0,0.602
2025-26,1628973,1610612752,74,2589.80666666667,1927.0,247.0,503.0,57.0,8.0,175.0,0.467,0.369,0.841
2025-26,1631105,1610612765,70,1975.85333333333,1365.0,737.0,138.0,57.0,59.0,130.0,0.65,0.0,0.747
2025-26,1630224,1610612756,32,828.325,568.0,116.0,91.0,34.0,8.0,72.0,0.422,0.313,0.747
2025-26,1630552,1610612737,72,2531.59833333333,1621.0,740.0,566.0,89.0,31.0,244.0,0.489,0.352,0.788
2025-26,1629618,1610612743,50,806.48,260.0,114.0,115.0,13.0,5.0,34.0,0.422,0.386,0.789
2025-26,1641771,1610612754,13,310.55,95.0,57.0,36.0,20.0,14.0,17.0,0.442,0.375,0.706
2025-26,1630188,1610612741,53,1095.38833333333,541.0,355.0,65.0,24.0,42.0,53.0,0.483,0.373,0.742
2025-26,1630591,1610612753,57,1573.57,786.0,220.0,312.0,105.0,40.0,152.0,0.435,0.339,0.855
2025-26,1631114,1610612760,33,935.963333333333,563.0,153.0,181.0,39.0,9.0,63.0,0.484,0.299,0.837
2025-26,1630592,1610612751,54,859.221666666667,343.0,114.0,50.0,22.0,2.0,38.0,0.396,0.355,0.719
2025-26,1631288,1610612753,40,485.968333333333,215.0,78.0,29.0,11.0,4.0,19.0,0.487,0.384,0.848
2025-26,1627750,1610612743,75,2651.89166666667,1905.0,330.0,535.0,66.0,29.0,171.0,0.483,0.435,0.887
2025-26,1642347,1610612761,82,1852.23833333333,545.0,143.0,444.0,76.0,15.0,112.0,0.367,0.321,0.784
2025-26,1631123,1610612756,46,644.058333333333,263.0,82.0,82.0,29.0,16.0,30.0,0.458,0.295,0.686
2025-26,201935,1610612739,70,2438.495,1652.0,336.0,557.0,79.0,28.0,245.0,0.434,0.375,0.884
2025-26,1630164,1610612754,4,58.4616666666667,13.0,8.0,3.0,0.0,1.0,5.0,0.6,0.0,0.5
2025-26,1642364,1610612764,50,1032.17666666667,368.0,194.0,67.0,54.0,25.0,40.0,0.446,0.297,0.695
2025-26,1642419,1610612761,61,516.778333333333,192.0,89.0,24.0,7.0,3.0,19.0,0.51,0.412,0.643
2025-26,1641716,1610612754,76,1953.38333333333,884.0,391.0,192.0,63.0,26.0,139.0,0.419,0.374,0.749
2025-26,1642272,1610612760,67,1159.66666666667,558.0,137.0,90.0,35.0,5.0,56.0,0.425,0.385,0.864
2025-26,1628991,1610612762,48,1454.64833333333,931.0,272.0,94.0,53.0,69.0,107.0,0.476,0.357,0.803
2025-26,1629020,1610612747,65,1127.74166666667,288.0,292.0,84.0,55.0,19.0,56.0,0.471,0.293,0.589
2025-26,1628386,1610612739,56,1519.12,860.0,476.0,100.0,55.0,47.0,75.0,0.638,0.1,0.709
2025-26,1642859,1610612753,54,586.748333333333,239.0,63.0,58.0,19.0,2.0,25.0,0.473,0.354,0.717
2025-26,1642914,1610612763,41,829.908333333333,396.0,128.0,151.0,34.0,9.0,56.0,0.465,0.423,0.829
2025-26,1631451,1610612757,19,93.665,23.0,19.0,7.0,6.0,0.0,9.0,0.22,0.13,1.0
2025-26,1629750,1610612765,82,1445.96166666667,569.0,230.0,56.0,102.0,25.0,45.0,0.447,0.381,0.84
2025-26,1629637,1610612747,66,1206.57833333333,497.0,271.0,59.0,29.0,52.0,31.0,0.756,1.0,0.653
2025-26,1630643,1610612754,82,1719.24333333333,783.0,324.0,121.0,41.0,153.0,76.0,0.476,0.319,0.828
2025-26,1627759,1610612738,71,2442.83833333333,2038.0,492.0,364.0,72.0,27.0,259.0,0.477,0.347,0.795
2025-26,1641740,1610612750,68,887.703333333333,275.0,120.0,43.0,47.0,9.0,23.0,0.434,0.327,0.657
2025-26,1642377,1610612763,69,1820.64166666667,865.0,220.0,111.0,61.0,9.0,74.0,0.431,0.353,0.784
2025-26,1631119,1610612760,65,1277.375,469.0,358.0,158.0,31.0,42.0,67.0,0.423,0.383,0.793
2025-26,1642281,1610612739,66,1777.48333333333,872.0,338.0,147.0,54.0,28.0,99.0,0.493,0.446,0.738
2025-26,1643257,1610612757,5,22.4666666666667,10.0,5.0,0.0,1.0,1.0,0.0,0.571,0.25,1.0
2025-26,1628369,1610612738,16,521.85,348.0,160.0,85.0,22.0,3.0,39.0,0.411,0.329,0.823
2025-26,201145,1610612745,30,174.816666666667,67.0,25.0,8.0,2.0,2.0,4.0,0.368,0.273,1.0
2025-26,203924,1610612757,57,1695.10166666667,1060.0,198.0,122.0,42.0,36.0,119.0,0.453,0.389,0.814
2025-26,1642847,1610612740,82,2111.90333333333,1169.0,300.0,279.0,97.0,30.0,178.0,0.434,0.33,0.789
2025-26,1630526,1610612742,22,360.615,101.0,103.0,15.0,9.0,1.0,12.0,0.37,0.244,0.944
2025-26,1631110,1610612752,44,468.551666666667,158.0,107.0,40.0,17.0,7.0,21.0,0.496,0.244,0.731
2025-26,1630579,1610612749,67,1317.835,334.0,370.0,104.0,19.0,17.0,75.0,0.784,0.0,0.62
2025-26,1641724,1610612753,55,695.32,301.0,87.0,45.0,10.0,11.0,15.0,0.418,0.372,0.949
2025-26,1628975,1610612753,53,867.441666666667,339.0,89.0,87.0,40.0,10.0,36.0,0.401,0.363,0.789
2025-26,202710,1610612744,38,1181.67666666667,760.0,211.0,185.0,55.0,8.0,60.0,0.519,0.376,0.864
2025-26,1642866,1610612750,40,314.131666666667,156.0,92.0,12.0,7.0,26.0,11.0,0.663,0.0,0.703
2025-26,1629111,1610612737,68,1506.07666666667,718.0,387.0,115.0,35.0,36.0,60.0,0.515,0.383,0.635
2025-26,204060,1610612750,27,152.688333333333,41.0,19.0,34.0,9.0,2.0,14.0,0.593,0.438,1.0
2025-26,203954,1610612755,38,1200.63833333333,1021.0,293.0,150.0,21.0,46.0,109.0,0.489,0.333,0.854
2025-26,1628381,1610612746,69,1871.47833333333,935.0,367.0,70.0,60.0,51.0,95.0,0.552,0.406,0.766
2025-26,1629723,1610612762,56,1114.67666666667,248.0,240.0,118.0,83.0,38.0,35.0,0.472,0.283,0.727
2025-26,1642967,1610612742,13,253.435,115.0,30.0,11.0,7.0,4.0,4.0,0.429,0.403,0.857
2025-26,1642910,1610612738,6,41.8983333333333,15.0,6.0,2.0,2.0,0.0,0.0,0.286,0.3,1.0
2025-26,1641780,1610612755,11,54.7616666666667,10.0,16.0,4.0,3.0,2.0,3.0,0.167,0.0,0.333
2025-26,1642277,1610612754,35,643.053333333333,180.0,153.0,41.0,20.0,7.0,29.0,0.47,0.324,0.486
2025-26,1630548,1610612750,21,87.6983333333333,43.0,17.0,6.0,2.0,1.0,5.0,0.421,0.25,0.625
2025-26,202685,1610612743,65,871.065,567.0,329.0,78.0,14.0,37.0,73.0,0.582,0.308,0.772
2025-26,1628371,1610612753,52,520.893333333333,134.0,132.0,22.0,20.0,31.0,18.0,0.422,0.184,0.603
2025-26,1630228,1610612737,36,830.496666666667,438.0,202.0,83.0,22.0,11.0,67.0,0.463,0.333,0.724
2025-26,1642367,1610612761,40,248.896666666667,61.0,68.0,25.0,11.0,8.0,14.0,0.591,0.0,0.643
2025-26,203903,1610612752,72,1279.46166666667,622.0,127.0,96.0,30.0,9.0,63.0,0.451,0.327,0.83
2025-26,1630692,1610612756,70,1571.77666666667,609.0,341.0,151.0,106.0,14.0,68.0,0.413,0.371,0.696
2025-26,1641722,1610612740,51,691.975,258.0,88.0,42.0,13.0,10.0,34.0,0.366,0.348,0.852
2025-26,1629162,1610612759,44,281.616666666667,89.0,32.0,38.0,20.0,2.0,15.0,0.418,0.425,0.857
2025-26,1641757,1610612746,60,1324.78,598.0,182.0,136.0,45.0,11.0,63.0,0.531,0.345,0.777
2025-26,1629673,1610612740,39,933.236666666667,524.0,77.0,119.0,22.0,15.0,69.0,0.372,0.333,0.86
2025-26,1641775,1610612738,68,1211.97,364.0,272.0,54.0,49.0,31.0,35.0,0.509,0.384,0.772
2025-26,1630631,1610612752,69,1370.23666666667,510.0,171.0,234.0,66.0,8.0,77.0,0.416,0.352,0.761
2025-26,1630581,1610612741,54,1731.35666666667,919.0,448.0,494.0,55.0,27.0,196.0,0.448,0.364,0.763
2025-26,1630182,1610612766,58,907.928333333333,249.0,102.0,47.0,35.0,6.0,35.0,0.459,0.42,0.893
2025-26,1628404,1610612752,66,1993.575,792.0,486.0,317.0,75.0,17.0,128.0,0.508,0.413,0.72
2025-26,1631169,1610612751,49,833.731666666667,364.0,158.0,46.0,44.0,24.0,43.0,0.5,0.418,0.787
2025-26,1642490,1610612740,3,81.7666666666667,25.0,23.0,4.0,0.0,0.0,2.0,0.647,0.0,0.5
2025-26,1629006,1610612745,78,1353.81166666667,353.0,200.0,69.0,63.0,16.0,41.0,0.425,0.385,0.594
2025-26,201950,1610612757,53,1560.40166666667,865.0,245.0,322.0,54.0,6.0,146.0,0.451,0.378,0.838
2025-26,1630577,1610612759,82,2265.96333333333,911.0,473.0,127.0,62.0,38.0,69.0,0.437,0.381,0.844
2025-26,1641763,1610612750,48,427.016666666667,140.0,49.0,10.0,22.0,7.0,11.0,0.421,0.308,0.783
2025-26,1642882,1610612764,13,401.5,154.0,137.0,24.0,18.0,8.0,32.0,0.529,0.0,0.636
2025-26,1631124,1610612743,57,860.673333333333,413.0,114.0,61.0,25.0,6.0,36.0,0.467,0.387,0.814
2025-26,203944,1610612750,79,2610.29666666667,1667.0,532.0,398.0,86.0,18.0,217.0,0.481,0.315,0.802
2025-26,1630551,1610612764,69,1377.45333333333,597.0,384.0,84.0,59.0,43.0,45.0,0.502,0.319,0.784
2025-26,1642348,1610612755,64,977.018333333333,386.0,94.0,80.0,54.0,11.0,36.0,0.447,0.372,0.846
2025-26,203994,1610612762,41,1083.06833333333,447.0,425.0,196.0,52.0,22.0,101.0,0.503,0.352,0.549
2025-26,1642354,1610612743,20,257.61,91.0,37.0,43.0,16.0,0.0,25.0,0.343,0.3,0.611
2025-26,1642955,1610612764,3,66.8,25.0,10.0,8.0,8.0,1.0,2.0,0.625,0.5,1.0
2025-26,1642880,1610612754,37,616.325,162.0,60.0,119.0,18.0,0.0,36.0,0.402,0.293,0.5
2025-26,1626157,1610612752,75,2321.78166666667,1504.0,889.0,226.0,65.0,40.0,187.0,0.501,0.368,0.858
2025-26,1631255,1610612740,62,911.756666666667,352.0,229.0,50.0,25.0,54.0,34.0,0.604,0.422,0.732
2025-26,1642857,1610612748,53,944.628333333333,328.0,138.0,137.0,33.0,7.0,50.0,0.429,0.423,0.879
2025-26,202695,1610612746,65,2084.72833333333,1813.0,413.0,234.0,122.0,27.0,133.0,0.505,0.387,0.892
2025-26,1630811,1610612737,53,535.99,186.0,56.0,94.0,24.0,5.0,28.0,0.398,0.373,0.667
2025-26,1631099,1610612758,23,793.096666666667,321.0,132.0,38.0,24.0,36.0,27.0,0.42,0.277,0.776
2025-26,1642276,1610612748,77,1703.82166666667,851.0,694.0,56.0,59.0,84.0,62.0,0.53,0.395,0.74
2025-26,1629640,1610612759,82,1911.46666666667,1081.0,440.0,111.0,46.0,11.0,70.0,0.519,0.363,0.794
2025-26,203482,1610612759,42,360.213333333333,133.0,76.0,49.0,15.0,3.0,24.0,0.49,0.255,0.711
2025-26,1626162,1610612755,50,1574.31166666667,705.0,252.0,80.0,68.0,24.0,69.0,0.467,0.36,0.766
2025-26,1631113,1610612762,11,355.226666666667,165.0,37.0,74.0,11.0,2.0,23.0,0.445,0.395,0.651
2025-26,1629026,1610612760,56,855.163333333333,363.0,187.0,79.0,31.0,5.0,43.0,0.473,0.388,0.635
2025-26,203484,1610612763,51,1087.55833333333,428.0,125.0,139.0,43.0,8.0,61.0,0.41,0.316,0.913
2025-26,1631165,1610612739,72,1478.63833333333,480.0,135.0,72.0,83.0,46.0,41.0,0.44,0.363,0.729
2025-26,1642352,1610612748,32,279.521666666667,136.0,62.0,8.0,15.0,8.0,13.0,0.49,0.295,0.724
2025-26,1642933,1610612737,4,73.7833333333333,17.0,5.0,12.0,3.0,4.0,8.0,0.417,0.0,1.0
2025-26,201142,1610612745,78,2839.82333333333,2026.0,426.0,372.0,62.0,71.0,246.0,0.52,0.413,0.874
2025-26,1628989,1610612765,69,1549.07666666667,693.0,240.0,178.0,63.0,33.0,72.0,0.451,0.308,0.775
2025-26,201567,1610612762,37,612.8,248.0,215.0,67.0,14.0,9.0,30.0,0.397,0.373,0.841
2025-26,1641755,1610612752,21,154.993333333333,50.0,28.0,20.0,9.0,0.0,12.0,0.426,0.333,0.4
2025-26,1629645,1610612749,38,1261.015,661.0,198.0,280.0,83.0,19.0,110.0,0.465,0.322,0.878
2025-26,1626172,1610612740,21,307.486666666667,59.0,118.0,34.0,9.0,10.0,9.0,0.417,0.154,0.7
2025-26,1641718,1610612762,54,1786.10833333333,1275.0,199.0,332.0,58.0,14.0,166.0,0.456,0.371,0.892
2025-26,1642863,1610612756,46,411.025,139.0,133.0,6.0,5.0,33.0,25.0,0.533,0.238,0.71
2025-26,203114,1610612742,63,1439.08666666667,640.0,231.0,176.0,41.0,9.0,108.0,0.42,0.36,0.875
2025-26,1630165,1610612758,23,405.526666666667,127.0,54.0,81.0,21.0,4.0,28.0,0.304,0.27,0.929
2025-26,202691,1610612742,69,1496.83,810.0,143.0,96.0,33.0,22.0,63.0,0.393,0.383,0.766
2025-26,1641738,1610612754,61,962.376666666667,353.0,185.0,80.0,23.0,12.0,53.0,0.469,0.374,0.797
2025-26,1641723,1610612747,16,119.483333333333,46.0,13.0,10.0,2.0,3.0,5.0,0.3,0.192,0.917
2025-26,1642920,1610612746,68,1351.41666666667,495.0,153.0,109.0,49.0,10.0,81.0,0.466,0.408,0.826
2025-26,1642886,1610612756,12,83.8666666666667,45.0,8.0,10.0,1.0,0.0,4.0,0.417,0.433,1.0
2025-26,1642851,1610612766,81,2550.74666666667,1498.0,432.0,274.0,57.0,19.0,161.0,0.475,0.425,0.863
2025-26,1627739,1610612746,82,2230.0,596.0,271.0,295.0,131.0,14.0,111.0,0.476,0.374,0.765
2025-26,1631200,1610612757,57,1333.21,331.0,206.0,81.0,51.0,22.0,47.0,0.467,0.279,0.684
2025-26,204001,1610612744,32,768.891666666667,533.0,167.0,81.0,18.0,38.0,41.0,0.446,0.338,0.842
2025-26,203937,1610612750,43,853.236666666667,266.0,150.0,126.0,45.0,26.0,39.0,0.53,0.364,0.706
2025-26,1642271,1610612762,77,1800.94333333333,879.0,552.0,198.0,73.0,39.0,125.0,0.492,0.325,0.75
2025-26,1628398,1610612749,69,1805.74166666667,896.0,313.0,184.0,46.0,28.0,119.0,0.492,0.347,0.726
2025-26,200768,1610612755,14,118.04,17.0,9.0,11.0,2.0,2.0,4.0,0.16,0.16,0.833
2025-26,1642273,1610612764,48,1390.96333333333,710.0,245.0,214.0,48.0,43.0,125.0,0.438,0.381,0.802
2025-26,1643018,1610612744,18,292.146666666667,148.0,28.0,18.0,3.0,0.0,14.0,0.402,0.394,0.895
2025-26,1630163,1610612766,72,2017.44666666667,1445.0,347.0,514.0,87.0,18.0,202.0,0.407,0.368,0.899
2025-26,1642950,1610612741,37,344.221666666667,89.0,112.0,42.0,12.0,8.0,16.0,0.468,0.105,0.375
2025-26,1629013,1610612752,51,1171.055,475.0,92.0,72.0,31.0,9.0,30.0,0.437,0.392,0.711
2025-26,1626204,1610612739,35,448.77,131.0,93.0,34.0,21.0,6.0,20.0,0.419,0.333,0.462
2025-26,1628374,1610612762,42,1442.59666666667,1123.0,289.0,89.0,42.0,21.0,63.0,0.477,0.355,0.896
2025-26,1643133,1610612763,2,49.265,14.0,15.0,3.0,3.0,1.0,2.0,0.6,0.0,0.4
2025-26,2544,1610612747,60,1989.055,1256.0,364.0,432.0,72.0,35.0,179.0,0.515,0.317,0.737
2025-26,1641778,1610612764,15,433.076666666667,106.0,75.0,22.0,18.0,8.0,14.0,0.388,0.345,0.875
2025-26,1631159,1610612741,46,718.661666666667,361.0,181.0,40.0,17.0,15.0,36.0,0.553,0.323,0.736
2025-26,1642862,1610612766,31,367.521666666667,132.0,73.0,24.0,5.0,3.0,13.0,0.4,0.4,0.821
2025-26,1630322,1610612759,40,284.676666666667,95.0,29.0,19.0,6.0,1.0,7.0,0.375,0.342,0.667
2025-26,1628366,1610612739,35,727.743333333333,160.0,140.0,136.0,45.0,9.0,52.0,0.301,0.272,0.667
2025-26,1631351,1610612763,7,223.74,73.0,38.0,18.0,11.0,1.0,10.0,0.333,0.283,1.0
2025-26,1629652,1610612760,69,1848.74166666667,576.0,245.0,85.0,62.0,27.0,54.0,0.385,0.344,0.759
2025-26,1629029,1610612747,64,2288.60166666667,2143.0,495.0,530.0,105.0,34.0,255.0,0.476,0.366,0.78
2025-26,1630568,1610612738,69,1117.90833333333,557.0,281.0,66.0,27.0,28.0,46.0,0.577,0.433,0.769
2025-26,1628379,1610612747,78,1680.47666666667,652.0,182.0,174.0,55.0,8.0,60.0,0.533,0.478,0.913
2025-26,1628436,1610612759,68,1430.08,444.0,414.0,126.0,32.0,65.0,28.0,0.643,0.0,0.825
2025-26,1631247,1610612739,12,103.091666666667,28.0,24.0,9.0,7.0,4.0,3.0,0.25,0.063,1.0
2025-26,1630644,1610612741,11,135.175,67.0,10.0,10.0,11.0,3.0,9.0,0.39,0.233,0.778
2025-26,1641869,1610612751,15,358.82,124.0,51.0,49.0,12.0,4.0,14.0,0.485,0.435,1.0
2025-26,1631103,1610612764,28,275.478333333333,128.0,44.0,23.0,10.0,3.0,15.0,0.473,0.378,0.824
2025-26,1642502,1610612744,25,276.471666666667,83.0,53.0,23.0,14.0,9.0,13.0,0.444,0.25,0.789
2025-26,1628370,1610612758,62,1363.64333333333,772.0,117.0,185.0,37.0,24.0,91.0,0.438,0.395,0.879
2025-26,1630699,1610612755,14,196.111666666667,95.0,32.0,15.0,9.0,4.0,13.0,0.434,0.34,0.684
2025-26,1631204,1610612765,38,456.503333333333,197.0,39.0,75.0,20.0,4.0,31.0,0.39,0.415,0.833
2025-26,203935,1610612747,62,1768.97833333333,579.0,172.0,185.0,87.0,23.0,92.0,0.395,0.331,0.822
2025-26,1641813,1610612749,7,26.0816666666667,22.0,2.0,2.0,0.0,0.0,4.0,0.462,0.5,0.75
2025-26,1631109,1610612756,60,1416.05,700.0,477.0,58.0,55.0,55.0,65.0,0.644,1.0,0.771
2025-26,1628365,1610612761,5,35.7666666666667,4.0,1.0,8.0,2.0,0.0,4.0,0.182,0.0,0.0
2025-26,1628963,1610612742,60,1200.90333333333,627.0,366.0,85.0,28.0,43.0,61.0,0.618,0.462,0.66
2025-26,203486,1610612759,20,171.488333333333,31.0,53.0,20.0,10.0,0.0,12.0,0.786,0.0,0.643
2025-26,1641824,1610612741,77,2248.24833333333,1252.0,448.0,158.0,55.0,116.0,159.0,0.463,0.349,0.786
2025-26,1629680,1610612757,30,479.65,174.0,59.0,27.0,60.0,16.0,28.0,0.433,0.398,0.84
2025-26,1631108,1610612742,77,2244.48,945.0,249.0,151.0,47.0,27.0,96.0,0.441,0.404,0.899
2025-26,1642917,1610612738,11,36.275,7.0,6.0,2.0,1.0,0.0,3.0,0.25,0.25,1.0
2025-26,1629622,1610612739,12,288.295,134.0,65.0,24.0,3.0,0.0,9.0,0.443,0.402,0.778
2025-26,1628467,1610612747,43,461.01,86.0,84.0,27.0,18.0,11.0,17.0,0.452,0.231,0.538
2025-26,1642875,1610612758,74,1963.88,922.0,556.0,100.0,38.0,39.0,94.0,0.571,0.324,0.786
2025-26,1642877,1610612740,61,912.935,262.0,117.0,61.0,43.0,9.0,20.0,0.385,0.259,0.759
2025-26,1630695,1610612754,47,908.316666666667,458.0,233.0,69.0,22.0,15.0,47.0,0.515,0.423,0.842
2025-26,1629008,1610612751,52,1688.60333333333,1259.0,367.0,158.0,55.0,13.0,122.0,0.463,0.363,0.859
2025-26,1628969,1610612752,82,2691.935,1181.0,312.0,304.0,107.0,62.0,83.0,0.49,0.371,0.827
2025-26,201144,1610612750,54,991.298333333333,245.0,93.0,157.0,35.0,14.0,34.0,0.335,0.337,0.9
2025-26,1628970,1610612766,77,2387.23166666667,1314.0,450.0,246.0,46.0,34.0,107.0,0.46,0.333,0.822
2025-26,1642939,1610612742,14,133.723333333333,43.0,24.0,12.0,4.0,1.0,6.0,0.364,0.303,1.0
2025-26,1630540,1610612752,41,1080.035,491.0,100.0,106.0,35.0,9.0,33.0,0.423,0.413,0.787
2025-26,1629011,1610612752,60,1174.50166666667,340.0,525.0,52.0,56.0,70.0,41.0,0.723,0.0,0.408
2025-26,1628964,1610612762,4,43.8,10.0,22.0,1.0,0.0,3.0,2.0,0.455,0.0,0.0
2025-26,1642885,1610612752,69,634.151666666667,246.0,94.0,53.0,17.0,6.0,30.0,0.423,0.369,0.75
2025-26,1628420,1610612754,6,64.6166666666667,18.0,7.0,9.0,1.0,1.0,2.0,0.35,0.25,0.5
2025-26,1629021,1610612753,36,426.595,247.0,115.0,27.0,15.0,2.0,19.0,0.426,0.314,0.819
2025-26,1630541,1610612744,60,1539.89833333333,728.0,200.0,98.0,58.0,34.0,57.0,0.44,0.401,0.77
2025-26,1631338,1610612741,2,45.4416666666667,16.0,6.0,6.0,2.0,1.0,3.0,0.545,0.2,0.75
2025-26,1631243,1610612737,77,1178.83666666667,342.0,275.0,69.0,61.0,39.0,33.0,0.452,0.308,0.645
2025-26,1630619,1610612742,38,529.58,170.0,216.0,9.0,19.0,45.0,30.0,0.574,0.0,0.469
2025-26,1631217,1610612766,73,1898.95666666667,575.0,635.0,141.0,56.0,72.0,73.0,0.631,0.5,0.659
2025-26,1626167,1610612749,71,1911.80333333333,846.0,378.0,103.0,50.0,115.0,83.0,0.44,0.383,0.74
2025-26,1642066,1610612748,45,410.505,163.0,122.0,44.0,20.0,8.0,17.0,0.48,0.406,0.731
2025-26,1642368,1610612737,4,15.4166666666667,3.0,7.0,0.0,2.0,0.0,1.0,0.25,0.0,1.0
2025-26,1641772,1610612739,64,1003.63833333333,374.0,186.0,53.0,41.0,34.0,29.0,0.478,0.235,0.77
2025-26,1630230,1610612742,74,2183.74,1128.0,348.0,241.0,82.0,6.0,119.0,0.51,0.291,0.76
2025-26,1631466,1610612744,14,239.17,112.0,30.0,14.0,5.0,0.0,15.0,0.489,0.433,0.867
2025-26,1629675,1610612750,77,2007.35,1046.0,477.0,170.0,76.0,78.0,126.0,0.456,0.362,0.732
2025-26,1629674,1610612738,76,1926.20666666667,776.0,636.0,126.0,60.0,100.0,75.0,0.653,0.125,0.703
2025-26,1629651,1610612751,69,1920.36666666667,810.0,478.0,253.0,45.0,77.0,96.0,0.571,0.158,0.616
2025-26,1630208,1610612741,48,700.71,276.0,243.0,16.0,10.0,32.0,59.0,0.512,0.278,0.644
2025-26,1641733,1610612747,30,374.876666666667,185.0,23.0,31.0,9.0,2.0,21.0,0.435,0.395,0.733
2025-26,1629638,1610612737,78,2603.17666666667,1624.0,268.0,286.0,102.0,42.0,162.0,0.459,0.399,0.902
2025-26,201587,1610612746,74,1294.595,293.0,184.0,64.0,47.0,23.0,37.0,0.403,0.404,0.818
2025-26,1628502,1610612756,27,195.213333333333,34.0,33.0,7.0,8.0,2.0,8.0,0.326,0.125,0.5
2025-26,203999,1610612743,65,2264.855,1799.0,836.0,697.0,92.0,53.0,243.0,0.569,0.38,0.831
2025-26,1631107,1610612748,47,808.018333333333,344.0,153.0,102.0,26.0,17.0,65.0,0.366,0.269,0.683
2025-26,1642260,1610612760,10,160.083333333333,52.0,19.0,44.0,5.0,0.0,25.0,0.431,0.4,0.4
2025-26,202696,1610612738,64,1818.11833333333,965.0,537.0,213.0,39.0,41.0,85.0,0.493,0.369,0.828
2025-26,1642363,1610612758,75,1881.925,645.0,282.0,179.0,68.0,24.0,116.0,0.418,0.333,0.722
2025-26,1642855,1610612741,2,6.03333333333333,0.0,0.0,0.0,1.0,0.0,0.0,0.0,0.0,0.0
2025-26,1641730,1610612751,66,1780.06333333333,809.0,273.0,108.0,50.0,45.0,102.0,0.396,0.329,0.804
2025-26,1642869,1610612753,59,757.275,227.0,187.0,70.0,30.0,18.0,42.0,0.404,0.323,0.688
2025-26,1642849,1610612751,56,1243.39166666667,499.0,99.0,213.0,45.0,23.0,129.0,0.38,0.318,0.787
2025-26,1641807,1610612746,6,23.6666666666667,17.0,7.0,2.0,1.0,0.0,0.0,0.7,0.0,1.0
2025-26,1626181,1610612748,58,1716.93666666667,1261.0,202.0,143.0,64.0,14.0,111.0,0.47,0.38,0.827
2025-26,1628384,1610612752,67,2223.87166666667,1118.0,351.0,145.0,104.0,48.0,123.0,0.484,0.386,0.828
2025-26,1630167,1610612754,24,423.725,279.0,106.0,55.0,12.0,1.0,28.0,0.503,0.352,0.913
2025-26,1630534,1610612751,62,973.203333333333,314.0,141.0,47.0,24.0,17.0,31.0,0.436,0.266,0.837
2025-26,1630846,1610612739,4,39.35,14.0,11.0,5.0,2.0,3.0,2.0,0.714,0.667,0.4
2025-26,1641765,1610612763,53,983.591666666667,530.0,187.0,51.0,40.0,13.0,47.0,0.549,0.405,0.754
2025-26,1630209,1610612744,9,103.955,34.0,30.0,8.0,2.0,1.0,9.0,0.423,0.0,0.667
2025-26,1630168,1610612737,74,2296.96833333333,1123.0,562.0,231.0,82.0,79.0,127.0,0.48,0.376,0.757
2025-26,1631115,1610612753,4,24.8166666666667,7.0,4.0,3.0,1.0,0.0,0.0,0.6,0.5,0.0
2025-26,1631131,1610612762,27,448.42,211.0,179.0,32.0,16.0,5.0,21.0,0.634,0.0,0.551
2025-26,1642345,1610612756,82,1808.37,531.0,418.0,185.0,73.0,57.0,101.0,0.653,0.0,0.453
2025-26,1631172,1610612749,57,1099.47166666667,431.0,180.0,136.0,25.0,17.0,75.0,0.422,0.341,0.711
2025-26,1629023,1610612742,56,1735.62,793.0,394.0,98.0,55.0,60.0,94.0,0.45,0.325,0.687
2025-26,1641790,1610612766,19,213.378333333333,86.0,75.0,10.0,3.0,10.0,16.0,0.508,0.6,0.793
2025-26,1642359,1610612752,29,135.76,48.0,27.0,12.0,3.0,1.0,3.0,0.333,0.219,0.818
2025-26,1631094,1610612753,72,2501.685,1599.0,604.0,373.0,51.0,40.0,222.0,0.459,0.305,0.775
2025-26,1627783,1610612754,62,2056.65166666667,1485.0,411.0,236.0,69.0,25.0,138.0,0.484,0.358,0.693
2025-26,1626192,1610612766,42,296.518333333333,110.0,61.0,18.0,11.0,1.0,11.0,0.447,0.404,0.65
2025-26,1630311,1610612744,66,1228.92666666667,476.0,158.0,232.0,48.0,5.0,85.0,0.427,0.357,0.772
2025-26,1631116,1610612758,9,102.471666666667,33.0,23.0,5.0,3.0,5.0,5.0,0.407,0.429,0.714
2025-26,1630172,1610612741,72,1473.78,505.0,215.0,105.0,49.0,26.0,75.0,0.372,0.347,0.72
2025-26,202331,1610612755,37,1135.03166666667,641.0,196.0,133.0,62.0,16.0,64.0,0.439,0.392,0.82
2025-26,1630194,1610612765,65,900.628333333333,504.0,294.0,80.0,57.0,60.0,58.0,0.617,0.325,0.664
2025-26,1630202,1610612738,79,2555.52333333333,1345.0,312.0,408.0,58.0,10.0,109.0,0.464,0.377,0.89
2025-26,1642362,1610612760,4,63.3333333333333,35.0,10.0,0.0,1.0,0.0,1.0,0.5,0.412,0.5
2025-26,1641796,1610612748,70,1849.14333333333,800.0,244.0,236.0,49.0,16.0,101.0,0.496,0.323,0.797
2025-26,1631250,1610612749,47,737.098333333333,254.0,125.0,48.0,14.0,14.0,26.0,0.515,0.42,0.364
2025-26,1631212,1610612743,54,1597.75833333333,789.0,264.0,111.0,50.0,61.0,93.0,0.491,0.411,0.73
2025-26,1630173,1610612758,73,1745.185,736.0,492.0,101.0,65.0,50.0,65.0,0.528,0.278,0.554
2025-26,1629656,1610612755,75,2205.72166666667,1006.0,273.0,244.0,64.0,28.0,133.0,0.45,0.334,0.84
2025-26,1631245,1610612754,49,897.425,448.0,114.0,140.0,31.0,6.0,62.0,0.47,0.356,0.824
2025-26,1642366,1610612744,67,1159.19833333333,513.0,269.0,94.0,26.0,35.0,56.0,0.44,0.336,0.791
2025-26,1629628,1610612761,57,1725.76,1098.0,300.0,189.0,42.0,19.0,99.0,0.491,0.339,0.717
2025-26,1642853,1610612756,55,673.401666666667,238.0,124.0,16.0,22.0,21.0,29.0,0.405,0.346,0.559
2025-26,1642484,1610612737,17,206.233333333333,74.0,26.0,33.0,4.0,4.0,17.0,0.313,0.311,0.889
2025-26,1641712,1610612763,64,1072.545,332.0,188.0,68.0,55.0,9.0,55.0,0.393,0.324,0.778
2025-26,1642263,1610612745,82,2146.92333333333,1110.0,238.0,277.0,122.0,54.0,123.0,0.43,0.394,0.802
2025-26,1642434,1610612739,9,58.0833333333333,35.0,6.0,5.0,2.0,1.0,3.0,0.609,0.333,1.0
2025-26,1642265,1610612741,65,969.953333333333,409.0,131.0,143.0,47.0,6.0,100.0,0.396,0.316,0.745
2025-26,1629057,1610612757,59,1008.21333333333,397.0,415.0,60.0,35.0,87.0,49.0,0.708,0.391,0.596
2025-26,1642911,1610612750,5,36.4833333333333,14.0,14.0,2.0,0.0,5.0,1.0,0.625,0.0,1.0
2025-26,1631199,1610612738,29,317.526666666667,123.0,48.0,22.0,10.0,9.0,8.0,0.418,0.35,0.75
2025-26,1641842,1610612765,78,1550.44833333333,640.0,315.0,95.0,92.0,27.0,96.0,0.432,0.253,0.805
2025-26,1626220,1610612756,78,2213.05333333333,765.0,372.0,208.0,84.0,32.0,103.0,0.421,0.408,0.711
2025-26,203497,1610612750,76,2380.04666666667,829.0,872.0,128.0,58.0,124.0,106.0,0.682,0.0,0.526
2025-26,1629060,1610612747,68,1926.565,780.0,226.0,57.0,39.0,21.0,42.0,0.514,0.443,0.694
2025-26,201566,1610612758,64,1852.57,971.0,348.0,426.0,83.0,12.0,209.0,0.427,0.338,0.694
2025-26,1642346,1610612756,70,1355.245,407.0,297.0,102.0,60.0,29.0,56.0,0.453,0.331,0.489
2025-26,1641750,1610612766,69,1479.13166666667,521.0,377.0,54.0,32.0,101.0,62.0,0.753,0.0,0.716
2025-26,1642948,1610612742,60,1170.88,397.0,133.0,316.0,25.0,2.0,85.0,0.415,0.356,0.806
2025-26,1631157,1610612749,74,2375.48333333333,1281.0,338.0,414.0,110.0,31.0,201.0,0.472,0.406,0.796
2025-26,1630180,1610612740,72,2245.575,1271.0,400.0,182.0,68.0,7.0,68.0,0.451,0.367,0.841
2025-26,1630573,1610612738,78,1934.15,719.0,300.0,114.0,38.0,23.0,35.0,0.419,0.393,0.85
2025-26,1630241,1610612739,52,1377.07333333333,663.0,133.0,125.0,33.0,7.0,42.0,0.461,0.421,0.855
2025-26,1630572,1610612761,80,1750.69166666667,893.0,395.0,151.0,64.0,41.0,67.0,0.523,0.389,0.747
2025-26,1630583,1610612763,43,1198.07833333333,602.0,287.0,126.0,37.0,31.0,55.0,0.479,0.35,0.667
2025-26,1630703,1610612757,30,747.83,427.0,80.0,112.0,27.0,9.0,73.0,0.418,0.352,0.84
2025-26,1630567,1610612761,80,2680.77666666667,1448.0,600.0,474.0,114.0,116.0,210.0,0.507,0.304,0.815
2025-26,1630590,1610612763,10,211.866666666667,114.0,22.0,47.0,19.0,4.0,27.0,0.448,0.313,0.783
2025-26,1642951,1610612746,7,31.0,13.0,3.0,5.0,0.0,0.0,1.0,0.333,0.3,0.0
2025-26,203552,1610612744,10,133.0,71.0,12.0,10.0,3.0,0.0,2.0,0.49,0.48,0.917
2025-26,1631101,1610612757,50,1471.30166666667,1042.0,217.0,132.0,70.0,6.0,147.0,0.452,0.337,0.787
2025-26,1628983,1610612760,68,2258.94666666667,2117.0,292.0,448.0,95.0,52.0,151.0,0.553,0.386,0.879
2025-26,1630536,1610612764,41,699.998333333333,333.0,86.0,124.0,16.0,5.0,61.0,0.514,0.382,0.833
2025-26,1631321,1610612757,75,1435.055,383.0,166.0,110.0,52.0,25.0,70.0,0.398,0.298,0.659
2025-26,1631323,1610612748,70,1172.47,597.0,211.0,101.0,37.0,9.0,49.0,0.412,0.375,0.843
2025-26,1642883,1610612766,82,1843.28,441.0,287.0,163.0,52.0,20.0,65.0,0.371,0.352,0.837
2025-26,1627746,1610612764,3,37.55,13.0,9.0,3.0,2.0,1.0,1.0,0.6,0.2,0.0
2025-26,1642461,1610612743,64,1416.79,352.0,209.0,51.0,52.0,29.0,31.0,0.504,0.396,0.608
2025-26,1630649,1610612759,2,6.56666666666667,2.0,0.0,1.0,1.0,0.0,0.0,0.5,0.0,0.0
2025-26,201939,1610612744,43,1328.72833333333,1142.0,154.0,203.0,49.0,17.0,121.0,0.468,0.393,0.923
2025-26,1642264,1610612759,68,2037.74333333333,1133.0,362.0,502.0,78.0,19.0,217.0,0.471,0.332,0.734
2025-26,203500,1610612745,32,730.365,187.0,276.0,48.0,22.0,20.0,35.0,0.504,0.0,0.58
2025-26,1629004,1610612762,50,1155.61166666667,469.0,124.0,93.0,26.0,3.0,42.0,0.478,0.408,0.893
2025-26,204456,1610612754,56,962.505,525.0,124.0,287.0,56.0,10.0,64.0,0.538,0.32,0.862
2025-26,1643007,1610612754,38,492.23,171.0,59.0,40.0,26.0,4.0,27.0,0.38,0.328,0.625
2025-26,201959,1610612763,10,96.8733333333333,34.0,27.0,6.0,2.0,1.0,1.0,0.462,0.5,0.875
2025-26,1631106,1610612745,60,1549.105,627.0,376.0,90.0,72.0,28.0,81.0,0.416,0.358,0.776
2025-26,1627752,1610612749,26,611.303333333333,239.0,81.0,46.0,16.0,6.0,31.0,0.45,0.436,1.0
2025-26,1641707,1610612763,59,1118.465,438.0,221.0,55.0,50.0,30.0,50.0,0.459,0.342,0.681
2025-26,1629611,1610612751,63,1529.01666666667,455.0,200.0,190.0,41.0,15.0,71.0,0.457,0.364,0.788
2025-26,1630545,1610612750,43,537.675,241.0,49.0,38.0,14.0,1.0,24.0,0.45,0.408,0.8
2025-26,203648,1610612749,34,147.958333333333,47.0,30.0,15.0,13.0,6.0,10.0,0.469,0.0,0.567
2025-26,1628418,1610612739,60,731.816666666667,370.0,205.0,33.0,18.0,26.0,28.0,0.506,0.359,0.803
2025-26,1642275,1610612766,37,575.38,222.0,149.0,27.0,16.0,7.0,26.0,0.503,0.434,0.65
2025-26,203501,1610612743,80,2127.3,1079.0,206.0,108.0,42.0,10.0,43.0,0.447,0.407,0.811
2025-26,202699,1610612765,63,1745.45,836.0,323.0,157.0,58.0,26.0,63.0,0.469,0.368,0.866
2025-26,1643253,1610612763,6,217.09,60.0,21.0,6.0,4.0,3.0,3.0,0.357,0.29,0.125
2025-26,1642449,1610612765,15,137.441666666667,56.0,49.0,13.0,2.0,6.0,7.0,0.5,0.0,0.667
2025-26,1628396,1610612737,41,450.686666666667,162.0,116.0,22.0,6.0,7.0,18.0,0.547,0.5,0.744
2025-26,1641787,1610612766,5,7.71333333333333,0.0,2.0,0.0,0.0,0.0,0.0,0.0,0.0,0.0
2025-26,1641739,1610612757,82,2731.23666666667,1100.0,421.0,201.0,94.0,35.0,144.0,0.44,0.37,0.708
2025-26,1629027,1610612764,15,383.753333333333,269.0,30.0,120.0,13.0,2.0,39.0,0.458,0.338,0.825
2025-26,1631218,1610612761,53,496.036666666667,181.0,145.0,39.0,17.0,24.0,23.0,0.573,1.0,0.514
2025-26,1642848,1610612764,60,1442.81666666667,733.0,170.0,122.0,33.0,18.0,93.0,0.419,0.358,0.874
2025-26,1630200,1610612741,65,1752.37333333333,914.0,204.0,350.0,76.0,11.0,92.0,0.553,0.315,0.841
2025-26,1630544,1610612766,53,668.458333333333,291.0,92.0,86.0,25.0,5.0,54.0,0.36,0.323,0.852
2025-26,1630570,1610612755,53,863.716666666667,346.0,174.0,132.0,16.0,22.0,64.0,0.515,0.2,0.779
2025-26,1642280,1610612741,2,5.55,4.0,1.0,1.0,0.0,0.0,1.0,0.667,0.0,0.0
2025-26,1630286,1610612751,6,182.235,48.0,31.0,10.0,8.0,5.0,4.0,0.38,0.316,0.667
2025-26,1631211,1610612748,8,14.9466666666667,8.0,2.0,0.0,1.0,0.0,0.0,0.25,0.222,0.0
2025-26,1641725,1610612740,9,110.643333333333,47.0,11.0,9.0,6.0,2.0,3.0,0.514,0.5,0.6
2025-26,1641998,1610612752,13,81.5883333333333,13.0,18.0,5.0,1.0,2.0,10.0,0.6,0.0,1.0
2025-26,1630530,1610612740,66,2340.63833333333,1420.0,377.0,250.0,99.0,24.0,120.0,0.47,0.379,0.886
2025-26,1642400,1610612739,9,85.1333333333333,37.0,14.0,7.0,5.0,0.0,3.0,0.5,0.3,0.75
2025-26,1641774,1610612764,49,670.98,441.0,147.0,55.0,23.0,33.0,62.0,0.479,0.347,0.784
2025-26,1641783,1610612753,77,1899.45666666667,762.0,284.0,124.0,68.0,25.0,69.0,0.45,0.374,0.884
2025-26,1641803,1610612745,1,12.0,12.0,3.0,0.0,1.0,0.0,0.0,0.444,0.4,0.667
2025-26,1629660,1610612763,15,338.688333333333,295.0,42.0,85.0,16.0,4.0,27.0,0.474,0.42,0.875
2025-26,1631102,1610612746,16,88.1283333333333,21.0,6.0,17.0,6.0,3.0,3.0,0.474,0.375,0.0
2025-26,1631174,1610612763,12,306.743333333333,129.0,50.0,12.0,11.0,4.0,11.0,0.375,0.333,0.852
2025-26,1629639,1610612748,33,1032.65333333333,677.0,158.0,136.0,23.0,12.0,64.0,0.48,0.378,0.917
2025-26,1642278,1610612752,62,727.161666666667,274.0,98.0,170.0,22.0,4.0,55.0,0.435,0.386,0.7
2025-26,1641890,1610612742,12,165.583333333333,56.0,33.0,5.0,6.0,0.0,6.0,0.42,0.286,0.667
2025-26,1631213,1610612755,46,776.61,290.0,116.0,78.0,25.0,6.0,40.0,0.394,0.321,0.679
2025-26,1630178,1610612755,70,2661.11833333333,1980.0,290.0,461.0,130.0,55.0,171.0,0.462,0.367,0.892
2025-26,1642878,1610612739,50,545.086666666667,272.0,64.0,74.0,25.0,0.0,40.0,0.413,0.351,0.889
2025-26,1630623,1610612751,24,380.016666666667,189.0,27.0,40.0,11.0,0.0,16.0,0.4,0.398,0.833
2025-26,1626145,1610612743,67,978.578333333333,199.0,76.0,159.0,37.0,3.0,25.0,0.349,0.292,0.778
2025-26,1642845,1610612755,75,2623.305,1199.0,423.0,315.0,107.0,39.0,137.0,0.438,0.354,0.818
2025-26,1641705,1610612759,64,1865.64833333333,1600.0,736.0,199.0,66.0,197.0,155.0,0.512,0.349,0.827
2025-26,1631246,1610612762,40,819.395,300.0,155.0,166.0,29.0,16.0,70.0,0.353,0.311,0.78
2025-26,1642884,1610612748,9,23.9616666666667,7.0,9.0,3.0,0.0,3.0,3.0,0.75,0.0,1.0
2025-26,1630249,1610612757,65,1392.1,550.0,148.0,100.0,47.0,18.0,41.0,0.448,0.39,0.745
2025-26,1631117,1610612762,5,153.98,72.0,54.0,15.0,7.0,9.0,16.0,0.703,0.75,0.7
2025-26,1642383,1610612763,69,1410.535,538.0,139.0,279.0,44.0,19.0,116.0,0.384,0.307,0.901
2025-26,1628976,1610612753,78,2288.35166666667,922.0,577.0,154.0,60.0,49.0,100.0,0.512,0.319,0.792
2025-26,1631111,1610612765,6,59.555,10.0,6.0,4.0,2.0,2.0,1.0,0.571,0.0,1.0
2025-26,1642954,1610612744,69,1376.805,441.0,172.0,93.0,80.0,9.0,53.0,0.468,0.335,0.852
2025-26,1642860,1610612764,74,1632.47166666667,764.0,212.0,146.0,54.0,9.0,94.0,0.439,0.316,0.8
2025-26,1630214,1610612766,30,183.878333333333,44.0,43.0,13.0,9.0,5.0,8.0,0.435,0.167,0.25
2025-26,1642905,1610612757,43,299.893333333333,95.0,66.0,22.0,3.0,10.0,32.0,0.31,0.119,0.824
2025-26,1642949,1610612746,41,423.678333333333,176.0,117.0,12.0,5.0,30.0,23.0,0.64,0.2,0.758
2025-26,1642530,1610612741,18,209.02,62.0,33.0,47.0,9.0,0.0,14.0,0.327,0.297,0.895
2025-26,1642274,1610612740,66,1297.03666666667,377.0,385.0,84.0,20.0,101.0,54.0,0.544,0.0,0.559
2025-26,1642258,1610612737,67,1503.25333333333,641.0,257.0,76.0,59.0,36.0,58.0,0.455,0.368,0.644
2025-26,1628380,1610612741,10,183.736666666667,97.0,56.0,15.0,2.0,4.0,10.0,0.578,0.429,0.7
2025-26,1641744,1610612763,11,283.851666666667,150.0,122.0,12.0,7.0,21.0,26.0,0.633,0.2,0.781
2025-26,203897,1610612758,39,1224.26333333333,748.0,108.0,89.0,28.0,10.0,74.0,0.479,0.39,0.88
2025-26,1630192,1610612743,52,625.988333333333,190.0,136.0,29.0,17.0,24.0,27.0,0.47,0.259,0.773
2025-26,1630533,1610612751,56,1281.26666666667,573.0,134.0,60.0,76.0,21.0,59.0,0.425,0.343,0.85
2025-26,1629627,1610612740,62,1841.06333333333,1302.0,353.0,199.0,60.0,34.0,126.0,0.6,0.25,0.716
2025-26,1642389,1610612750,5,42.5833333333333,23.0,3.0,9.0,1.0,0.0,3.0,0.692,0.333,1.0
